Ansible Builder is generating your execution environment build context.
File context/_build/requirements.txt is already up-to-date.
File context/_build/bindep.txt is already up-to-date.
Creating context/_build/collections
File context/_build/collections/ansible/utils/FILES.json is already up-to-date.
File context/_build/collections/ansible/utils/codecov.yml is already up-to-date.
File context/_build/collections/ansible/utils/test-requirements.txt is already up-to-date.
File context/_build/collections/ansible/utils/.github/workflows/codecoverage.yml is already up-to-date.
File context/_build/collections/ansible/utils/.github/workflows/release.yml is already up-to-date.
File context/_build/collections/ansible/utils/.github/workflows/token_refresh.yml is already up-to-date.
File context/_build/collections/ansible/utils/.github/workflows/sonarcloud.yml is already up-to-date.
File context/_build/collections/ansible/utils/.github/workflows/check_label.yml is already up-to-date.
File context/_build/collections/ansible/utils/.github/workflows/tests.yml is already up-to-date.
File context/_build/collections/ansible/utils/.github/workflows/close_stale_items.yml is already up-to-date.
File context/_build/collections/ansible/utils/.github/workflows/remove_needs_info.yml is already up-to-date.
File context/_build/collections/ansible/utils/.github/workflows/draft_release.yml is already up-to-date.
File context/_build/collections/ansible/utils/.github/release-drafter.yml is already up-to-date.
File context/_build/collections/ansible/utils/.gitignore is already up-to-date.
File context/_build/collections/ansible/utils/.pre-commit-config.yaml is already up-to-date.
File context/_build/collections/ansible/utils/MANIFEST.json is already up-to-date.
File context/_build/collections/ansible/utils/.yamllint is already up-to-date.
File context/_build/collections/ansible/utils/README.md is already up-to-date.
File context/_build/collections/ansible/utils/docs/ansible.utils.ipv6_test.rst is already up-to-date.
File context/_build/collections/ansible/utils/docs/ansible.utils.in_one_network_test.rst is already up-to-date.
File context/_build/collections/ansible/utils/docs/ansible.utils.usable_range_filter.rst is already up-to-date.
File context/_build/collections/ansible/utils/docs/ansible.utils.validate_lookup.rst is already up-to-date.
File context/_build/collections/ansible/utils/docs/ansible.utils.ip_test.rst is already up-to-date.
File context/_build/collections/ansible/utils/docs/ansible.utils.nthhost_filter.rst is already up-to-date.
File context/_build/collections/ansible/utils/docs/ansible.utils.remove_keys_filter.rst is already up-to-date.
File context/_build/collections/ansible/utils/docs/ansible.utils.to_paths_filter.rst is already up-to-date.
File context/_build/collections/ansible/utils/docs/ansible.utils.network_in_usable_filter.rst is already up-to-date.
File context/_build/collections/ansible/utils/docs/ansible.utils.keep_keys_filter.rst is already up-to-date.
File context/_build/collections/ansible/utils/docs/ansible.utils.loopback_test.rst is already up-to-date.
File context/_build/collections/ansible/utils/docs/ansible.utils.ipv4_hostmask_test.rst is already up-to-date.
File context/_build/collections/ansible/utils/docs/ansible.utils.supernet_of_test.rst is already up-to-date.
File context/_build/collections/ansible/utils/docs/ansible.utils.fact_diff_filter.rst is already up-to-date.
File context/_build/collections/ansible/utils/docs/ansible.utils.ipv4_test.rst is already up-to-date.
File context/_build/collections/ansible/utils/docs/ansible.utils.to_xml_filter.rst is already up-to-date.
File context/_build/collections/ansible/utils/docs/ansible.utils.resolvable_test.rst is already up-to-date.
File context/_build/collections/ansible/utils/docs/ansible.utils.in_any_network_test.rst is already up-to-date.
File context/_build/collections/ansible/utils/docs/ansible.utils.ipv4_filter.rst is already up-to-date.
File context/_build/collections/ansible/utils/docs/ansible.utils.validate_module.rst is already up-to-date.
File context/_build/collections/ansible/utils/docs/ansible.utils.slaac_filter.rst is already up-to-date.
File context/_build/collections/ansible/utils/docs/ansible.utils.ipcut_filter.rst is already up-to-date.
File context/_build/collections/ansible/utils/docs/ansible.utils.cli_parse_module.rst is already up-to-date.
File context/_build/collections/ansible/utils/docs/docsite/rst/filters_ipaddr.rst is already up-to-date.
File context/_build/collections/ansible/utils/docs/docsite/extra-docs.yml is already up-to-date.
File context/_build/collections/ansible/utils/docs/ansible.utils.ipv6_address_test.rst is already up-to-date.
File context/_build/collections/ansible/utils/docs/ansible.utils.reserved_test.rst is already up-to-date.
File context/_build/collections/ansible/utils/docs/ansible.utils.fact_diff_module.rst is already up-to-date.
File context/_build/collections/ansible/utils/docs/ansible.utils.get_path_lookup.rst is already up-to-date.
File context/_build/collections/ansible/utils/docs/ansible.utils.get_path_filter.rst is already up-to-date.
File context/_build/collections/ansible/utils/docs/ansible.utils.public_test.rst is already up-to-date.
File context/_build/collections/ansible/utils/docs/ansible.utils.ipwrap_filter.rst is already up-to-date.
File context/_build/collections/ansible/utils/docs/ansible.utils.next_nth_usable_filter.rst is already up-to-date.
File context/_build/collections/ansible/utils/docs/ansible.utils.subnet_of_test.rst is already up-to-date.
File context/_build/collections/ansible/utils/docs/ansible.utils.update_fact_module.rst is already up-to-date.
File context/_build/collections/ansible/utils/docs/ansible.utils.ipv6_sixtofour_test.rst is already up-to-date.
File context/_build/collections/ansible/utils/docs/ansible.utils.unspecified_test.rst is already up-to-date.
File context/_build/collections/ansible/utils/docs/ansible.utils.index_of_lookup.rst is already up-to-date.
File context/_build/collections/ansible/utils/docs/ansible.utils.hwaddr_filter.rst is already up-to-date.
File context/_build/collections/ansible/utils/docs/ansible.utils.validate_filter.rst is already up-to-date.
File context/_build/collections/ansible/utils/docs/ansible.utils.previous_nth_usable_filter.rst is already up-to-date.
File context/_build/collections/ansible/utils/docs/ansible.utils.multicast_test.rst is already up-to-date.
File context/_build/collections/ansible/utils/docs/ansible.utils.ip_address_test.rst is already up-to-date.
File context/_build/collections/ansible/utils/docs/ansible.utils.ipv6_ipv4_mapped_test.rst is already up-to-date.
File context/_build/collections/ansible/utils/docs/ansible.utils.to_paths_lookup.rst is already up-to-date.
File context/_build/collections/ansible/utils/docs/ansible.utils.ipv6_teredo_test.rst is already up-to-date.
File context/_build/collections/ansible/utils/docs/ansible.utils.ipv4_netmask_test.rst is already up-to-date.
File context/_build/collections/ansible/utils/docs/ansible.utils.in_network_test.rst is already up-to-date.
File context/_build/collections/ansible/utils/docs/ansible.utils.ipaddr_filter.rst is already up-to-date.
File context/_build/collections/ansible/utils/docs/ansible.utils.macaddr_filter.rst is already up-to-date.
File context/_build/collections/ansible/utils/docs/ansible.utils.replace_keys_filter.rst is already up-to-date.
File context/_build/collections/ansible/utils/docs/ansible.utils.index_of_filter.rst is already up-to-date.
File context/_build/collections/ansible/utils/docs/ansible.utils.ipsubnet_filter.rst is already up-to-date.
File context/_build/collections/ansible/utils/docs/ansible.utils.reduce_on_network_filter.rst is already up-to-date.
File context/_build/collections/ansible/utils/docs/ansible.utils.ipv6_filter.rst is already up-to-date.
File context/_build/collections/ansible/utils/docs/ansible.utils.from_xml_filter.rst is already up-to-date.
File context/_build/collections/ansible/utils/docs/ansible.utils.ipmath_filter.rst is already up-to-date.
File context/_build/collections/ansible/utils/docs/ansible.utils.private_test.rst is already up-to-date.
File context/_build/collections/ansible/utils/docs/ansible.utils.ipv6form_filter.rst is already up-to-date.
File context/_build/collections/ansible/utils/docs/ansible.utils.network_in_network_filter.rst is already up-to-date.
File context/_build/collections/ansible/utils/docs/ansible.utils.ip4_hex_filter.rst is already up-to-date.
File context/_build/collections/ansible/utils/docs/ansible.utils.validate_test.rst is already up-to-date.
File context/_build/collections/ansible/utils/docs/ansible.utils.ipv4_address_test.rst is already up-to-date.
File context/_build/collections/ansible/utils/docs/ansible.utils.mac_test.rst is already up-to-date.
File context/_build/collections/ansible/utils/docs/ansible.utils.consolidate_filter.rst is already up-to-date.
File context/_build/collections/ansible/utils/docs/ansible.utils.cidr_merge_filter.rst is already up-to-date.
File context/_build/collections/ansible/utils/docs/ansible.utils.param_list_compare_filter.rst is already up-to-date.
File context/_build/collections/ansible/utils/bindep.txt is already up-to-date.
File context/_build/collections/ansible/utils/LICENSE is already up-to-date.
File context/_build/collections/ansible/utils/.flake8 is already up-to-date.
File context/_build/collections/ansible/utils/changelogs/changelog.yaml is already up-to-date.
File context/_build/collections/ansible/utils/changelogs/config.yaml is already up-to-date.
File context/_build/collections/ansible/utils/changelogs/fragments/.keep is already up-to-date.
File context/_build/collections/ansible/utils/sonar-project.properties is already up-to-date.
File context/_build/collections/ansible/utils/.config/dictionary.txt is already up-to-date.
File context/_build/collections/ansible/utils/.config/ansible-lint.yaml is already up-to-date.
File context/_build/collections/ansible/utils/tests/integration/targets/utils_consolidate/tasks/main.yaml is already up-to-date.
File context/_build/collections/ansible/utils/tests/integration/targets/utils_consolidate/tasks/simple.yaml is already up-to-date.
File context/_build/collections/ansible/utils/tests/integration/targets/utils_consolidate/vars/main.yaml is already up-to-date.
File context/_build/collections/ansible/utils/tests/integration/targets/utils_netaddr_test/tasks/unspecified.yml is already up-to-date.
File context/_build/collections/ansible/utils/tests/integration/targets/utils_netaddr_test/tasks/resolvable.yml is already up-to-date.
File context/_build/collections/ansible/utils/tests/integration/targets/utils_netaddr_test/tasks/private.yml is already up-to-date.
File context/_build/collections/ansible/utils/tests/integration/targets/utils_netaddr_test/tasks/ipv6.yml is already up-to-date.
File context/_build/collections/ansible/utils/tests/integration/targets/utils_netaddr_test/tasks/subnet_of.yml is already up-to-date.
File context/_build/collections/ansible/utils/tests/integration/targets/utils_netaddr_test/tasks/ip.yml is already up-to-date.
File context/_build/collections/ansible/utils/tests/integration/targets/utils_netaddr_test/tasks/in_network.yml is already up-to-date.
File context/_build/collections/ansible/utils/tests/integration/targets/utils_netaddr_test/tasks/ipv6_address.yml is already up-to-date.
File context/_build/collections/ansible/utils/tests/integration/targets/utils_netaddr_test/tasks/loopback.yml is already up-to-date.
File context/_build/collections/ansible/utils/tests/integration/targets/utils_netaddr_test/tasks/multicast.yml is already up-to-date.
File context/_build/collections/ansible/utils/tests/integration/targets/utils_netaddr_test/tasks/ipv6_ipv4_mapped.yml is already up-to-date.
File context/_build/collections/ansible/utils/tests/integration/targets/utils_netaddr_test/tasks/ipv4_address.yml is already up-to-date.
File context/_build/collections/ansible/utils/tests/integration/targets/utils_netaddr_test/tasks/in_one_network.yml is already up-to-date.
File context/_build/collections/ansible/utils/tests/integration/targets/utils_netaddr_test/tasks/reserved.yml is already up-to-date.
File context/_build/collections/ansible/utils/tests/integration/targets/utils_netaddr_test/tasks/ipv4.yml is already up-to-date.
File context/_build/collections/ansible/utils/tests/integration/targets/utils_netaddr_test/tasks/main.yaml is already up-to-date.
File context/_build/collections/ansible/utils/tests/integration/targets/utils_netaddr_test/tasks/ipv6_sixtofour.yml is already up-to-date.
File context/_build/collections/ansible/utils/tests/integration/targets/utils_netaddr_test/tasks/public.yml is already up-to-date.
File context/_build/collections/ansible/utils/tests/integration/targets/utils_netaddr_test/tasks/mac.yml is already up-to-date.
File context/_build/collections/ansible/utils/tests/integration/targets/utils_netaddr_test/tasks/ipv4_hostmask.yml is already up-to-date.
File context/_build/collections/ansible/utils/tests/integration/targets/utils_netaddr_test/tasks/ipv6_teredo.yml is already up-to-date.
File context/_build/collections/ansible/utils/tests/integration/targets/utils_netaddr_test/tasks/supernet_of.yml is already up-to-date.
File context/_build/collections/ansible/utils/tests/integration/targets/utils_netaddr_test/tasks/ip_address.yml is already up-to-date.
File context/_build/collections/ansible/utils/tests/integration/targets/utils_netaddr_test/tasks/in_any_network.yml is already up-to-date.
File context/_build/collections/ansible/utils/tests/integration/targets/utils_netaddr_test/tasks/ipv4_netmask.yml is already up-to-date.
File context/_build/collections/ansible/utils/tests/integration/targets/utils_netaddr_test/vars/main.yaml is already up-to-date.
File context/_build/collections/ansible/utils/tests/integration/targets/utils_index_of/tasks/argspec.yaml is already up-to-date.
File context/_build/collections/ansible/utils/tests/integration/targets/utils_index_of/tasks/examples_lookup.yaml is already up-to-date.
File context/_build/collections/ansible/utils/tests/integration/targets/utils_index_of/tasks/main.yaml is already up-to-date.
File context/_build/collections/ansible/utils/tests/integration/targets/utils_index_of/tasks/simple.yaml is already up-to-date.
File context/_build/collections/ansible/utils/tests/integration/targets/utils_index_of/tasks/examples_filter.yaml is already up-to-date.
File context/_build/collections/ansible/utils/tests/integration/targets/utils_keep_keys/tasks/complex1.yaml is already up-to-date.
File context/_build/collections/ansible/utils/tests/integration/targets/utils_keep_keys/tasks/main.yaml is already up-to-date.
File context/_build/collections/ansible/utils/tests/integration/targets/utils_keep_keys/tasks/simple.yaml is already up-to-date.
File context/_build/collections/ansible/utils/tests/integration/targets/utils_keep_keys/vars/main.yaml is already up-to-date.
File context/_build/collections/ansible/utils/tests/integration/targets/utils_keep_keys/vars/complex.yaml is already up-to-date.
File context/_build/collections/ansible/utils/tests/integration/targets/utils_to_paths/tasks/argspec.yaml is already up-to-date.
File context/_build/collections/ansible/utils/tests/integration/targets/utils_to_paths/tasks/examples_lookup.yaml is already up-to-date.
File context/_build/collections/ansible/utils/tests/integration/targets/utils_to_paths/tasks/empty_members.yaml is already up-to-date.
File context/_build/collections/ansible/utils/tests/integration/targets/utils_to_paths/tasks/main.yaml is already up-to-date.
File context/_build/collections/ansible/utils/tests/integration/targets/utils_to_paths/tasks/simple.yaml is already up-to-date.
File context/_build/collections/ansible/utils/tests/integration/targets/utils_to_paths/tasks/examples_filter.yaml is already up-to-date.
File context/_build/collections/ansible/utils/tests/integration/targets/utils_param_list_compare/tasks/main.yaml is already up-to-date.
File context/_build/collections/ansible/utils/tests/integration/targets/utils_param_list_compare/tasks/simple.yaml is already up-to-date.
File context/_build/collections/ansible/utils/tests/integration/targets/utils_fact_diff/tasks/argspec.yaml is already up-to-date.
File context/_build/collections/ansible/utils/tests/integration/targets/utils_fact_diff/tasks/filter.yaml is already up-to-date.
File context/_build/collections/ansible/utils/tests/integration/targets/utils_fact_diff/tasks/main.yaml is already up-to-date.
File context/_build/collections/ansible/utils/tests/integration/targets/utils_fact_diff/tasks/simple.yaml is already up-to-date.
File context/_build/collections/ansible/utils/tests/integration/targets/utils_fact_diff/tasks/examples.yaml is already up-to-date.
File context/_build/collections/ansible/utils/tests/integration/targets/utils_cli_parse/templates/nxos_show_interface.ttp is already up-to-date.
File context/_build/collections/ansible/utils/tests/integration/targets/utils_cli_parse/templates/centos_df_-h.ttp is already up-to-date.
File context/_build/collections/ansible/utils/tests/integration/targets/utils_cli_parse/templates/nxos_show_version.textfsm is already up-to-date.
File context/_build/collections/ansible/utils/tests/integration/targets/utils_cli_parse/templates/ubuntu_ifconfig.textfsm is already up-to-date.
File context/_build/collections/ansible/utils/tests/integration/targets/utils_cli_parse/templates/ubuntu_df_-h.ttp is already up-to-date.
File context/_build/collections/ansible/utils/tests/integration/targets/utils_cli_parse/templates/nxos_show_interface.yaml is already up-to-date.
File context/_build/collections/ansible/utils/tests/integration/targets/utils_cli_parse/templates/fedora_df_-h.ttp is already up-to-date.
File context/_build/collections/ansible/utils/tests/integration/targets/utils_cli_parse/templates/fedora_ifconfig.textfsm is already up-to-date.
File context/_build/collections/ansible/utils/tests/integration/targets/utils_cli_parse/templates/centos_ifconfig.textfsm is already up-to-date.
File context/_build/collections/ansible/utils/tests/integration/targets/utils_cli_parse/files/nxos_show_interface.xml is already up-to-date.
File context/_build/collections/ansible/utils/tests/integration/targets/utils_cli_parse/files/nxos_show_version.txt is already up-to-date.
File context/_build/collections/ansible/utils/tests/integration/targets/utils_cli_parse/files/nxos_show_interface.txt is already up-to-date.
File context/_build/collections/ansible/utils/tests/integration/targets/utils_cli_parse/tasks/nxos_xml.yaml is already up-to-date.
File context/_build/collections/ansible/utils/tests/integration/targets/utils_cli_parse/tasks/argspec.yaml is already up-to-date.
File context/_build/collections/ansible/utils/tests/integration/targets/utils_cli_parse/tasks/nxos_json.yaml is already up-to-date.
File context/_build/collections/ansible/utils/tests/integration/targets/utils_cli_parse/tasks/ubuntu_textfsm.yaml is already up-to-date.
File context/_build/collections/ansible/utils/tests/integration/targets/utils_cli_parse/tasks/fedora_ttp.yaml is already up-to-date.
File context/_build/collections/ansible/utils/tests/integration/targets/utils_cli_parse/tasks/nxos_textfsm.yaml is already up-to-date.
File context/_build/collections/ansible/utils/tests/integration/targets/utils_cli_parse/tasks/centos_ttp.yaml is already up-to-date.
File context/_build/collections/ansible/utils/tests/integration/targets/utils_cli_parse/tasks/main.yaml is already up-to-date.
File context/_build/collections/ansible/utils/tests/integration/targets/utils_cli_parse/tasks/nxos_ttp.yaml is already up-to-date.
File context/_build/collections/ansible/utils/tests/integration/targets/utils_cli_parse/tasks/ubuntu_ttp.yaml is already up-to-date.
File context/_build/collections/ansible/utils/tests/integration/targets/utils_cli_parse/tasks/fedora_textfsm.yaml is already up-to-date.
File context/_build/collections/ansible/utils/tests/integration/targets/utils_cli_parse/tasks/centos_textfsm.yaml is already up-to-date.
File context/_build/collections/ansible/utils/tests/integration/targets/utils_cli_parse/output/nxos_show_interface_json_text.txt is already up-to-date.
File context/_build/collections/ansible/utils/tests/integration/targets/utils_cli_parse/output/nxos_show_interface_ttp_parsed.json is already up-to-date.
File context/_build/collections/ansible/utils/tests/integration/targets/utils_cli_parse/output/nxos_show_version_textfsm_parsed.json is already up-to-date.
File context/_build/collections/ansible/utils/tests/integration/targets/utils_cli_parse/output/nxos_show_interface_xml_parsed.json is already up-to-date.
File context/_build/collections/ansible/utils/tests/integration/targets/utils_from_xml/tasks/main.yaml is already up-to-date.
File context/_build/collections/ansible/utils/tests/integration/targets/utils_from_xml/tasks/simple.yaml is already up-to-date.
File context/_build/collections/ansible/utils/tests/integration/targets/utils_get_path/tasks/argspec.yaml is already up-to-date.
File context/_build/collections/ansible/utils/tests/integration/targets/utils_get_path/tasks/examples_lookup.yaml is already up-to-date.
File context/_build/collections/ansible/utils/tests/integration/targets/utils_get_path/tasks/main.yaml is already up-to-date.
File context/_build/collections/ansible/utils/tests/integration/targets/utils_get_path/tasks/simple.yaml is already up-to-date.
File context/_build/collections/ansible/utils/tests/integration/targets/utils_get_path/tasks/examples_filter.yaml is already up-to-date.
File context/_build/collections/ansible/utils/tests/integration/targets/utils_replace_keys/tasks/complex1.yaml is already up-to-date.
File context/_build/collections/ansible/utils/tests/integration/targets/utils_replace_keys/tasks/main.yaml is already up-to-date.
File context/_build/collections/ansible/utils/tests/integration/targets/utils_replace_keys/tasks/simple.yaml is already up-to-date.
File context/_build/collections/ansible/utils/tests/integration/targets/utils_replace_keys/vars/main.yaml is already up-to-date.
File context/_build/collections/ansible/utils/tests/integration/targets/utils_replace_keys/vars/complex.yaml is already up-to-date.
File context/_build/collections/ansible/utils/tests/integration/targets/utils_to_xml/tasks/main.yaml is already up-to-date.
File context/_build/collections/ansible/utils/tests/integration/targets/utils_to_xml/tasks/simple.yaml is already up-to-date.
File context/_build/collections/ansible/utils/tests/integration/targets/utils_to_xml/vars/main.yaml is already up-to-date.
File context/_build/collections/ansible/utils/tests/integration/targets/utils_validate/files/criteria/in_rate_check.json is already up-to-date.
File context/_build/collections/ansible/utils/tests/integration/targets/utils_validate/files/criteria/oper_status_up.json is already up-to-date.
File context/_build/collections/ansible/utils/tests/integration/targets/utils_validate/files/criteria/check_list_data.json is already up-to-date.
File context/_build/collections/ansible/utils/tests/integration/targets/utils_validate/files/criteria/crc_error_check.json is already up-to-date.
File context/_build/collections/ansible/utils/tests/integration/targets/utils_validate/files/criteria/rules.yaml is already up-to-date.
File context/_build/collections/ansible/utils/tests/integration/targets/utils_validate/files/criteria/format_checker.json is already up-to-date.
File context/_build/collections/ansible/utils/tests/integration/targets/utils_validate/files/criteria/enabled_check.json is already up-to-date.
File context/_build/collections/ansible/utils/tests/integration/targets/utils_validate/files/data/fail.cfg is already up-to-date.
File context/_build/collections/ansible/utils/tests/integration/targets/utils_validate/files/data/show_interface.json is already up-to-date.
File context/_build/collections/ansible/utils/tests/integration/targets/utils_validate/files/data/test_list_data.json is already up-to-date.
File context/_build/collections/ansible/utils/tests/integration/targets/utils_validate/files/data/pass.cfg is already up-to-date.
File context/_build/collections/ansible/utils/tests/integration/targets/utils_validate/files/data/warn.cfg is already up-to-date.
File context/_build/collections/ansible/utils/tests/integration/targets/utils_validate/files/data/test_format_checker.json is already up-to-date.
File context/_build/collections/ansible/utils/tests/integration/targets/utils_validate/tests/jsonschema/filter.yaml is already up-to-date.
File context/_build/collections/ansible/utils/tests/integration/targets/utils_validate/tests/jsonschema/module.yaml is already up-to-date.
File context/_build/collections/ansible/utils/tests/integration/targets/utils_validate/tests/jsonschema/test.yaml is already up-to-date.
File context/_build/collections/ansible/utils/tests/integration/targets/utils_validate/tests/jsonschema/lookup.yaml is already up-to-date.
File context/_build/collections/ansible/utils/tests/integration/targets/utils_validate/tests/config/filter.yaml is already up-to-date.
File context/_build/collections/ansible/utils/tests/integration/targets/utils_validate/tests/config/module.yaml is already up-to-date.
File context/_build/collections/ansible/utils/tests/integration/targets/utils_validate/tests/config/test.yaml is already up-to-date.
File context/_build/collections/ansible/utils/tests/integration/targets/utils_validate/tests/config/lookup.yaml is already up-to-date.
File context/_build/collections/ansible/utils/tests/integration/targets/utils_validate/tasks/main.yaml is already up-to-date.
File context/_build/collections/ansible/utils/tests/integration/targets/utils_validate/vars/main.yaml is already up-to-date.
File context/_build/collections/ansible/utils/tests/integration/targets/utils_update_fact/tasks/main.yaml is already up-to-date.
File context/_build/collections/ansible/utils/tests/integration/targets/utils_ipaddr_filter/tasks/nthhost.yaml is already up-to-date.
File context/_build/collections/ansible/utils/tests/integration/targets/utils_ipaddr_filter/tasks/previous_nth_usable.yaml is already up-to-date.
File context/_build/collections/ansible/utils/tests/integration/targets/utils_ipaddr_filter/tasks/network_in_usable.yaml is already up-to-date.
File context/_build/collections/ansible/utils/tests/integration/targets/utils_ipaddr_filter/tasks/ipv6form.yaml is already up-to-date.
File context/_build/collections/ansible/utils/tests/integration/targets/utils_ipaddr_filter/tasks/ipaddr.yaml is already up-to-date.
File context/_build/collections/ansible/utils/tests/integration/targets/utils_ipaddr_filter/tasks/ipcut.yaml is already up-to-date.
File context/_build/collections/ansible/utils/tests/integration/targets/utils_ipaddr_filter/tasks/slaac.yaml is already up-to-date.
File context/_build/collections/ansible/utils/tests/integration/targets/utils_ipaddr_filter/tasks/network_in_network.yaml is already up-to-date.
File context/_build/collections/ansible/utils/tests/integration/targets/utils_ipaddr_filter/tasks/ipv6.yaml is already up-to-date.
File context/_build/collections/ansible/utils/tests/integration/targets/utils_ipaddr_filter/tasks/cidr_merge.yaml is already up-to-date.
File context/_build/collections/ansible/utils/tests/integration/targets/utils_ipaddr_filter/tasks/main.yaml is already up-to-date.
File context/_build/collections/ansible/utils/tests/integration/targets/utils_ipaddr_filter/tasks/ipmath.yaml is already up-to-date.
File context/_build/collections/ansible/utils/tests/integration/targets/utils_ipaddr_filter/tasks/next_nth_usable.yaml is already up-to-date.
File context/_build/collections/ansible/utils/tests/integration/targets/utils_ipaddr_filter/tasks/ipsubnet.yaml is already up-to-date.
File context/_build/collections/ansible/utils/tests/integration/targets/utils_ipaddr_filter/tasks/macaddr.yaml is already up-to-date.
File context/_build/collections/ansible/utils/tests/integration/targets/utils_ipaddr_filter/tasks/hwaddr.yaml is already up-to-date.
File context/_build/collections/ansible/utils/tests/integration/targets/utils_ipaddr_filter/tasks/ipwrap.yaml is already up-to-date.
File context/_build/collections/ansible/utils/tests/integration/targets/utils_ipaddr_filter/tasks/reduce_on_network.yaml is already up-to-date.
File context/_build/collections/ansible/utils/tests/integration/targets/utils_ipaddr_filter/tasks/ipv4.yaml is already up-to-date.
File context/_build/collections/ansible/utils/tests/integration/targets/utils_ipaddr_filter/tasks/ip4_hex.yaml is already up-to-date.
File context/_build/collections/ansible/utils/tests/integration/targets/utils_ipaddr_filter/vars/main.yaml is already up-to-date.
File context/_build/collections/ansible/utils/tests/integration/targets/utils_usable_range/tasks/main.yml is already up-to-date.
File context/_build/collections/ansible/utils/tests/integration/targets/utils_usable_range/tasks/argspec.yml is already up-to-date.
File context/_build/collections/ansible/utils/tests/integration/targets/utils_usable_range/tasks/example_filter.yml is already up-to-date.
File context/_build/collections/ansible/utils/tests/integration/targets/utils_usable_range/vars/main.yml is already up-to-date.
File context/_build/collections/ansible/utils/tests/integration/targets/utils_remove_keys/tasks/complex1.yaml is already up-to-date.
File context/_build/collections/ansible/utils/tests/integration/targets/utils_remove_keys/tasks/main.yaml is already up-to-date.
File context/_build/collections/ansible/utils/tests/integration/targets/utils_remove_keys/tasks/simple.yaml is already up-to-date.
File context/_build/collections/ansible/utils/tests/integration/targets/utils_remove_keys/vars/main.yaml is already up-to-date.
File context/_build/collections/ansible/utils/tests/integration/targets/utils_remove_keys/vars/complex.yaml is already up-to-date.
File context/_build/collections/ansible/utils/tests/integration/test_integration.py is already up-to-date.
File context/_build/collections/ansible/utils/tests/config.yml is already up-to-date.
File context/_build/collections/ansible/utils/tests/unit/mock/vault_helper.py is already up-to-date.
File context/_build/collections/ansible/utils/tests/unit/mock/loader.py is already up-to-date.
File context/_build/collections/ansible/utils/tests/unit/mock/yaml_helper.py is already up-to-date.
File context/_build/collections/ansible/utils/tests/unit/mock/path.py is already up-to-date.
File context/_build/collections/ansible/utils/tests/unit/mock/__init__.py is already up-to-date.
File context/_build/collections/ansible/utils/tests/unit/mock/procenv.py is already up-to-date.
File context/_build/collections/ansible/utils/tests/unit/module_utils/test_argspec_validate.py is already up-to-date.
File context/_build/collections/ansible/utils/tests/unit/module_utils/test_get_path.py is already up-to-date.
File context/_build/collections/ansible/utils/tests/unit/module_utils/fixtures/large.json is already up-to-date.
File context/_build/collections/ansible/utils/tests/unit/module_utils/fixtures/__init__.py is already up-to-date.
File context/_build/collections/ansible/utils/tests/unit/module_utils/fixtures/docstring.py is already up-to-date.
File context/_build/collections/ansible/utils/tests/unit/module_utils/test_dict_merge.py is already up-to-date.
File context/_build/collections/ansible/utils/tests/unit/module_utils/__init__.py is already up-to-date.
File context/_build/collections/ansible/utils/tests/unit/module_utils/test_to_paths.py is already up-to-date.
File context/_build/collections/ansible/utils/tests/unit/module_utils/test_sort_list.py is already up-to-date.
File context/_build/collections/ansible/utils/tests/unit/requirements.txt is already up-to-date.
File context/_build/collections/ansible/utils/tests/unit/plugins/plugin_utils/test_index_of.py is already up-to-date.
File context/_build/collections/ansible/utils/tests/unit/plugins/plugin_utils/test_ipaddress_utils.py is already up-to-date.
File context/_build/collections/ansible/utils/tests/unit/plugins/filter/test_ipaddr.py is already up-to-date.
File context/_build/collections/ansible/utils/tests/unit/plugins/filter/test_ipv6.py is already up-to-date.
File context/_build/collections/ansible/utils/tests/unit/plugins/filter/test_to_xml.py is already up-to-date.
File context/_build/collections/ansible/utils/tests/unit/plugins/filter/test_ipwrap.py is already up-to-date.
File context/_build/collections/ansible/utils/tests/unit/plugins/filter/test_ipmath.py is already up-to-date.
File context/_build/collections/ansible/utils/tests/unit/plugins/filter/test_ip4_hex.py is already up-to-date.
File context/_build/collections/ansible/utils/tests/unit/plugins/filter/test_ipv4.py is already up-to-date.
File context/_build/collections/ansible/utils/tests/unit/plugins/filter/test_network_in_usable.py is already up-to-date.
File context/_build/collections/ansible/utils/tests/unit/plugins/filter/test_next_nth_usable.py is already up-to-date.
File context/_build/collections/ansible/utils/tests/unit/plugins/filter/test_nthhost.py is already up-to-date.
File context/_build/collections/ansible/utils/tests/unit/plugins/filter/test_keep_keys.py is already up-to-date.
File context/_build/collections/ansible/utils/tests/unit/plugins/filter/test_reduce_on_network.py is already up-to-date.
File context/_build/collections/ansible/utils/tests/unit/plugins/filter/test_param_list_compare.py is already up-to-date.
File context/_build/collections/ansible/utils/tests/unit/plugins/filter/test_previous_nth_usable.py is already up-to-date.
File context/_build/collections/ansible/utils/tests/unit/plugins/filter/test_remove_keys.py is already up-to-date.
File context/_build/collections/ansible/utils/tests/unit/plugins/filter/test_ipv6form.py is already up-to-date.
File context/_build/collections/ansible/utils/tests/unit/plugins/filter/test_network_in_network.py is already up-to-date.
File context/_build/collections/ansible/utils/tests/unit/plugins/filter/test_usable_range.py is already up-to-date.
File context/_build/collections/ansible/utils/tests/unit/plugins/filter/__init__.py is already up-to-date.
File context/_build/collections/ansible/utils/tests/unit/plugins/filter/test_hwaddr.py is already up-to-date.
File context/_build/collections/ansible/utils/tests/unit/plugins/filter/test_ipcut.py is already up-to-date.
File context/_build/collections/ansible/utils/tests/unit/plugins/filter/test_slaac.py is already up-to-date.
File context/_build/collections/ansible/utils/tests/unit/plugins/filter/test_cidr_merge.py is already up-to-date.
File context/_build/collections/ansible/utils/tests/unit/plugins/filter/test_consolidate.py is already up-to-date.
File context/_build/collections/ansible/utils/tests/unit/plugins/filter/test_validate.py is already up-to-date.
File context/_build/collections/ansible/utils/tests/unit/plugins/filter/test_fact_diff.py is already up-to-date.
File context/_build/collections/ansible/utils/tests/unit/plugins/filter/test_macaddr.py is already up-to-date.
File context/_build/collections/ansible/utils/tests/unit/plugins/filter/test_replace_keys.py is already up-to-date.
File context/_build/collections/ansible/utils/tests/unit/plugins/filter/test_ipsubnet.py is already up-to-date.
File context/_build/collections/ansible/utils/tests/unit/plugins/filter/test_from_xml.py is already up-to-date.
File context/_build/collections/ansible/utils/tests/unit/plugins/sub_plugins/cli_parsers/test_textfsm_parser.py is already up-to-date.
File context/_build/collections/ansible/utils/tests/unit/plugins/sub_plugins/cli_parsers/fixtures/ios_show_ip_interface_brief.cfg is already up-to-date.
File context/_build/collections/ansible/utils/tests/unit/plugins/sub_plugins/cli_parsers/fixtures/nxos_show_version.cfg is already up-to-date.
File context/_build/collections/ansible/utils/tests/unit/plugins/sub_plugins/cli_parsers/fixtures/nxos_show_version.textfsm is already up-to-date.
File context/_build/collections/ansible/utils/tests/unit/plugins/sub_plugins/cli_parsers/fixtures/nxos_show_version_invalid.textfsm is already up-to-date.
File context/_build/collections/ansible/utils/tests/unit/plugins/sub_plugins/cli_parsers/fixtures/nxos_show_version.ttp is already up-to-date.
File context/_build/collections/ansible/utils/tests/unit/plugins/sub_plugins/cli_parsers/test_ttp_parser.py is already up-to-date.
File context/_build/collections/ansible/utils/tests/unit/plugins/sub_plugins/cli_parsers/__init__.py is already up-to-date.
File context/_build/collections/ansible/utils/tests/unit/plugins/sub_plugins/cli_parsers/test_xml_parser.py is already up-to-date.
File context/_build/collections/ansible/utils/tests/unit/plugins/sub_plugins/cli_parsers/test_json_parser.py is already up-to-date.
File context/_build/collections/ansible/utils/tests/unit/plugins/sub_plugins/validate/__init__.py is already up-to-date.
File context/_build/collections/ansible/utils/tests/unit/plugins/sub_plugins/validate/test_config.py is already up-to-date.
File context/_build/collections/ansible/utils/tests/unit/plugins/action/fixtures/nxos_empty_parser.textfsm is already up-to-date.
File context/_build/collections/ansible/utils/tests/unit/plugins/action/fixtures/nxos_show_version.txt is already up-to-date.
File context/_build/collections/ansible/utils/tests/unit/plugins/action/fixtures/nxos_show_version.textfsm is already up-to-date.
File context/_build/collections/ansible/utils/tests/unit/plugins/action/test_cli_parse.py is already up-to-date.
File context/_build/collections/ansible/utils/tests/unit/plugins/action/__init__.py is already up-to-date.
File context/_build/collections/ansible/utils/tests/unit/plugins/action/test_validate.py is already up-to-date.
File context/_build/collections/ansible/utils/tests/unit/plugins/action/test_fact_diff.py is already up-to-date.
File context/_build/collections/ansible/utils/tests/unit/plugins/action/test_update_fact.py is already up-to-date.
File context/_build/collections/ansible/utils/tests/unit/plugins/test/test_ipv6.py is already up-to-date.
File context/_build/collections/ansible/utils/tests/unit/plugins/test/test_supernet_of.py is already up-to-date.
File context/_build/collections/ansible/utils/tests/unit/plugins/test/test_ipv4_address.py is already up-to-date.
File context/_build/collections/ansible/utils/tests/unit/plugins/test/test_ipv6_teredo.py is already up-to-date.
File context/_build/collections/ansible/utils/tests/unit/plugins/test/test_public.py is already up-to-date.
File context/_build/collections/ansible/utils/tests/unit/plugins/test/test_private.py is already up-to-date.
File context/_build/collections/ansible/utils/tests/unit/plugins/test/test_reserved.py is already up-to-date.
File context/_build/collections/ansible/utils/tests/unit/plugins/test/test_ipv6_sixtofour.py is already up-to-date.
File context/_build/collections/ansible/utils/tests/unit/plugins/test/test_in_network.py is already up-to-date.
File context/_build/collections/ansible/utils/tests/unit/plugins/test/test_ipv4.py is already up-to-date.
File context/_build/collections/ansible/utils/tests/unit/plugins/test/test_ipv4_hostmask.py is already up-to-date.
File context/_build/collections/ansible/utils/tests/unit/plugins/test/test_multicast.py is already up-to-date.
File context/_build/collections/ansible/utils/tests/unit/plugins/test/test_unspecified.py is already up-to-date.
File context/_build/collections/ansible/utils/tests/unit/plugins/test/test_resolvable.py is already up-to-date.
File context/_build/collections/ansible/utils/tests/unit/plugins/test/test_mac.py is already up-to-date.
File context/_build/collections/ansible/utils/tests/unit/plugins/test/test_ipv6_ipv4_mapped.py is already up-to-date.
File context/_build/collections/ansible/utils/tests/unit/plugins/test/test_ip.py is already up-to-date.
File context/_build/collections/ansible/utils/tests/unit/plugins/test/__init__.py is already up-to-date.
File context/_build/collections/ansible/utils/tests/unit/plugins/test/test_ip_address.py is already up-to-date.
File context/_build/collections/ansible/utils/tests/unit/plugins/test/test_in_one_network.py is already up-to-date.
File context/_build/collections/ansible/utils/tests/unit/plugins/test/test_in_any_network.py is already up-to-date.
File context/_build/collections/ansible/utils/tests/unit/plugins/test/test_ipv4_netmask.py is already up-to-date.
File context/_build/collections/ansible/utils/tests/unit/plugins/test/test_validate.py is already up-to-date.
File context/_build/collections/ansible/utils/tests/unit/plugins/test/test_ipv6_address.py is already up-to-date.
File context/_build/collections/ansible/utils/tests/unit/plugins/test/test_loopback.py is already up-to-date.
File context/_build/collections/ansible/utils/tests/unit/plugins/test/test_subnet_of.py is already up-to-date.
File context/_build/collections/ansible/utils/tests/unit/plugins/lookup/__init__.py is already up-to-date.
File context/_build/collections/ansible/utils/tests/unit/plugins/lookup/test_validate.py is already up-to-date.
File context/_build/collections/ansible/utils/tests/conftest.py is already up-to-date.
File context/_build/collections/ansible/utils/.isort.cfg is already up-to-date.
File context/_build/collections/ansible/utils/.ansible-lint is already up-to-date.
File context/_build/collections/ansible/utils/tox-ansible.ini is already up-to-date.
File context/_build/collections/ansible/utils/pyproject.toml is already up-to-date.
File context/_build/collections/ansible/utils/requirements.txt is already up-to-date.
File context/_build/collections/ansible/utils/meta/runtime.yml is already up-to-date.
File context/_build/collections/ansible/utils/cspell.config.yaml is already up-to-date.
File context/_build/collections/ansible/utils/.prettierignore is already up-to-date.
File context/_build/collections/ansible/utils/CHANGELOG.rst is already up-to-date.
File context/_build/collections/ansible/utils/plugins/module_utils/common/get_path.py is already up-to-date.
File context/_build/collections/ansible/utils/plugins/module_utils/common/to_paths.py is already up-to-date.
File context/_build/collections/ansible/utils/plugins/module_utils/common/argspec_validate.py is already up-to-date.
File context/_build/collections/ansible/utils/plugins/module_utils/common/utils.py is already up-to-date.
File context/_build/collections/ansible/utils/plugins/modules/validate.py is already up-to-date.
File context/_build/collections/ansible/utils/plugins/modules/cli_parse.py is already up-to-date.
File context/_build/collections/ansible/utils/plugins/modules/update_fact.py is already up-to-date.
File context/_build/collections/ansible/utils/plugins/modules/fact_diff.py is already up-to-date.
File context/_build/collections/ansible/utils/plugins/plugin_utils/consolidate.py is already up-to-date.
File context/_build/collections/ansible/utils/plugins/plugin_utils/base/cli_parser.py is already up-to-date.
File context/_build/collections/ansible/utils/plugins/plugin_utils/base/ipaddr_utils.py is already up-to-date.
File context/_build/collections/ansible/utils/plugins/plugin_utils/base/validate.py is already up-to-date.
File context/_build/collections/ansible/utils/plugins/plugin_utils/base/ipaddress_utils.py is already up-to-date.
File context/_build/collections/ansible/utils/plugins/plugin_utils/base/utils.py is already up-to-date.
File context/_build/collections/ansible/utils/plugins/plugin_utils/base/fact_diff.py is already up-to-date.
File context/_build/collections/ansible/utils/plugins/plugin_utils/from_xml.py is already up-to-date.
File context/_build/collections/ansible/utils/plugins/plugin_utils/replace_keys.py is already up-to-date.
File context/_build/collections/ansible/utils/plugins/plugin_utils/remove_keys.py is already up-to-date.
File context/_build/collections/ansible/utils/plugins/plugin_utils/index_of.py is already up-to-date.
File context/_build/collections/ansible/utils/plugins/plugin_utils/keep_keys.py is already up-to-date.
File context/_build/collections/ansible/utils/plugins/plugin_utils/connection_base.py is already up-to-date.
File context/_build/collections/ansible/utils/plugins/plugin_utils/to_xml.py is already up-to-date.
File context/_build/collections/ansible/utils/plugins/plugin_utils/fact_diff.py is already up-to-date.
File context/_build/collections/ansible/utils/plugins/filter/consolidate.py is already up-to-date.
File context/_build/collections/ansible/utils/plugins/filter/network_in_network.py is already up-to-date.
File context/_build/collections/ansible/utils/plugins/filter/get_path.py is already up-to-date.
File context/_build/collections/ansible/utils/plugins/filter/from_xml.py is already up-to-date.
File context/_build/collections/ansible/utils/plugins/filter/replace_keys.py is already up-to-date.
File context/_build/collections/ansible/utils/plugins/filter/__pycache__/ipsubnet.cpython-314.pyc is already up-to-date.
File context/_build/collections/ansible/utils/plugins/filter/__pycache__/validate.cpython-314.pyc is already up-to-date.
File context/_build/collections/ansible/utils/plugins/filter/__pycache__/ipv6.cpython-314.pyc is already up-to-date.
File context/_build/collections/ansible/utils/plugins/filter/__pycache__/from_xml.cpython-314.pyc is already up-to-date.
File context/_build/collections/ansible/utils/plugins/filter/__pycache__/usable_range.cpython-314.pyc is already up-to-date.
File context/_build/collections/ansible/utils/plugins/filter/__pycache__/index_of.cpython-314.pyc is already up-to-date.
File context/_build/collections/ansible/utils/plugins/filter/__pycache__/ipwrap.cpython-314.pyc is already up-to-date.
File context/_build/collections/ansible/utils/plugins/filter/__pycache__/reduce_on_network.cpython-314.pyc is already up-to-date.
File context/_build/collections/ansible/utils/plugins/filter/__pycache__/ip4_hex.cpython-314.pyc is already up-to-date.
File context/_build/collections/ansible/utils/plugins/filter/__pycache__/ipaddr.cpython-314.pyc is already up-to-date.
File context/_build/collections/ansible/utils/plugins/filter/__pycache__/param_list_compare.cpython-314.pyc is already up-to-date.
File context/_build/collections/ansible/utils/plugins/filter/__pycache__/ipcut.cpython-314.pyc is already up-to-date.
File context/_build/collections/ansible/utils/plugins/filter/__pycache__/to_xml.cpython-314.pyc is already up-to-date.
File context/_build/collections/ansible/utils/plugins/filter/__pycache__/ipv6form.cpython-314.pyc is already up-to-date.
File context/_build/collections/ansible/utils/plugins/filter/__pycache__/network_in_network.cpython-314.pyc is already up-to-date.
File context/_build/collections/ansible/utils/plugins/filter/__pycache__/keep_keys.cpython-314.pyc is already up-to-date.
File context/_build/collections/ansible/utils/plugins/filter/__pycache__/ipv4.cpython-314.pyc is already up-to-date.
File context/_build/collections/ansible/utils/plugins/filter/__pycache__/ipmath.cpython-314.pyc is already up-to-date.
File context/_build/collections/ansible/utils/plugins/filter/__pycache__/next_nth_usable.cpython-314.pyc is already up-to-date.
File context/_build/collections/ansible/utils/plugins/filter/__pycache__/replace_keys.cpython-314.pyc is already up-to-date.
File context/_build/collections/ansible/utils/plugins/filter/__pycache__/fact_diff.cpython-314.pyc is already up-to-date.
File context/_build/collections/ansible/utils/plugins/filter/__pycache__/to_paths.cpython-314.pyc is already up-to-date.
File context/_build/collections/ansible/utils/plugins/filter/__pycache__/hwaddr.cpython-314.pyc is already up-to-date.
File context/_build/collections/ansible/utils/plugins/filter/__pycache__/consolidate.cpython-314.pyc is already up-to-date.
File context/_build/collections/ansible/utils/plugins/filter/__pycache__/cidr_merge.cpython-314.pyc is already up-to-date.
File context/_build/collections/ansible/utils/plugins/filter/__pycache__/remove_keys.cpython-314.pyc is already up-to-date.
File context/_build/collections/ansible/utils/plugins/filter/__pycache__/get_path.cpython-314.pyc is already up-to-date.
File context/_build/collections/ansible/utils/plugins/filter/__pycache__/macaddr.cpython-314.pyc is already up-to-date.
File context/_build/collections/ansible/utils/plugins/filter/__pycache__/previous_nth_usable.cpython-314.pyc is already up-to-date.
File context/_build/collections/ansible/utils/plugins/filter/__pycache__/slaac.cpython-314.pyc is already up-to-date.
File context/_build/collections/ansible/utils/plugins/filter/__pycache__/network_in_usable.cpython-314.pyc is already up-to-date.
File context/_build/collections/ansible/utils/plugins/filter/__pycache__/nthhost.cpython-314.pyc is already up-to-date.
File context/_build/collections/ansible/utils/plugins/filter/reduce_on_network.py is already up-to-date.
File context/_build/collections/ansible/utils/plugins/filter/ipsubnet.py is already up-to-date.
File context/_build/collections/ansible/utils/plugins/filter/ipmath.py is already up-to-date.
File context/_build/collections/ansible/utils/plugins/filter/slaac.py is already up-to-date.
File context/_build/collections/ansible/utils/plugins/filter/remove_keys.py is already up-to-date.
File context/_build/collections/ansible/utils/plugins/filter/to_paths.py is already up-to-date.
File context/_build/collections/ansible/utils/plugins/filter/ipaddr.py is already up-to-date.
File context/_build/collections/ansible/utils/plugins/filter/ipv6.py is already up-to-date.
File context/_build/collections/ansible/utils/plugins/filter/index_of.py is already up-to-date.
File context/_build/collections/ansible/utils/plugins/filter/next_nth_usable.py is already up-to-date.
File context/_build/collections/ansible/utils/plugins/filter/macaddr.py is already up-to-date.
File context/_build/collections/ansible/utils/plugins/filter/validate.py is already up-to-date.
File context/_build/collections/ansible/utils/plugins/filter/keep_keys.py is already up-to-date.
File context/_build/collections/ansible/utils/plugins/filter/ipv4.py is already up-to-date.
File context/_build/collections/ansible/utils/plugins/filter/usable_range.py is already up-to-date.
File context/_build/collections/ansible/utils/plugins/filter/cidr_merge.py is already up-to-date.
File context/_build/collections/ansible/utils/plugins/filter/ipv6form.py is already up-to-date.
File context/_build/collections/ansible/utils/plugins/filter/hwaddr.py is already up-to-date.
File context/_build/collections/ansible/utils/plugins/filter/param_list_compare.py is already up-to-date.
File context/_build/collections/ansible/utils/plugins/filter/ipwrap.py is already up-to-date.
File context/_build/collections/ansible/utils/plugins/filter/ipcut.py is already up-to-date.
File context/_build/collections/ansible/utils/plugins/filter/ip4_hex.py is already up-to-date.
File context/_build/collections/ansible/utils/plugins/filter/to_xml.py is already up-to-date.
File context/_build/collections/ansible/utils/plugins/filter/network_in_usable.py is already up-to-date.
File context/_build/collections/ansible/utils/plugins/filter/fact_diff.py is already up-to-date.
File context/_build/collections/ansible/utils/plugins/filter/nthhost.py is already up-to-date.
File context/_build/collections/ansible/utils/plugins/filter/previous_nth_usable.py is already up-to-date.
File context/_build/collections/ansible/utils/plugins/sub_plugins/cli_parser/textfsm_parser.py is already up-to-date.
File context/_build/collections/ansible/utils/plugins/sub_plugins/cli_parser/json_parser.py is already up-to-date.
File context/_build/collections/ansible/utils/plugins/sub_plugins/cli_parser/xml_parser.py is already up-to-date.
File context/_build/collections/ansible/utils/plugins/sub_plugins/cli_parser/ttp_parser.py is already up-to-date.
File context/_build/collections/ansible/utils/plugins/sub_plugins/validate/config.py is already up-to-date.
File context/_build/collections/ansible/utils/plugins/sub_plugins/validate/jsonschema.py is already up-to-date.
File context/_build/collections/ansible/utils/plugins/sub_plugins/fact_diff/native.py is already up-to-date.
File context/_build/collections/ansible/utils/plugins/action/validate.py is already up-to-date.
File context/_build/collections/ansible/utils/plugins/action/cli_parse.py is already up-to-date.
File context/_build/collections/ansible/utils/plugins/action/update_fact.py is already up-to-date.
File context/_build/collections/ansible/utils/plugins/action/fact_diff.py is already up-to-date.
File context/_build/collections/ansible/utils/plugins/test/in_any_network.py is already up-to-date.
File context/_build/collections/ansible/utils/plugins/test/ip_address.py is already up-to-date.
File context/_build/collections/ansible/utils/plugins/test/private.py is already up-to-date.
File context/_build/collections/ansible/utils/plugins/test/ipv6_address.py is already up-to-date.
File context/_build/collections/ansible/utils/plugins/test/ipv6.py is already up-to-date.
File context/_build/collections/ansible/utils/plugins/test/reserved.py is already up-to-date.
File context/_build/collections/ansible/utils/plugins/test/unspecified.py is already up-to-date.
File context/_build/collections/ansible/utils/plugins/test/ipv6_ipv4_mapped.py is already up-to-date.
File context/_build/collections/ansible/utils/plugins/test/resolvable.py is already up-to-date.
File context/_build/collections/ansible/utils/plugins/test/in_network.py is already up-to-date.
File context/_build/collections/ansible/utils/plugins/test/validate.py is already up-to-date.
File context/_build/collections/ansible/utils/plugins/test/ipv6_teredo.py is already up-to-date.
File context/_build/collections/ansible/utils/plugins/test/in_one_network.py is already up-to-date.
File context/_build/collections/ansible/utils/plugins/test/subnet_of.py is already up-to-date.
File context/_build/collections/ansible/utils/plugins/test/ipv4_address.py is already up-to-date.
File context/_build/collections/ansible/utils/plugins/test/ipv6_sixtofour.py is already up-to-date.
File context/_build/collections/ansible/utils/plugins/test/ip.py is already up-to-date.
File context/_build/collections/ansible/utils/plugins/test/supernet_of.py is already up-to-date.
File context/_build/collections/ansible/utils/plugins/test/ipv4.py is already up-to-date.
File context/_build/collections/ansible/utils/plugins/test/ipv4_hostmask.py is already up-to-date.
File context/_build/collections/ansible/utils/plugins/test/mac.py is already up-to-date.
File context/_build/collections/ansible/utils/plugins/test/multicast.py is already up-to-date.
File context/_build/collections/ansible/utils/plugins/test/loopback.py is already up-to-date.
File context/_build/collections/ansible/utils/plugins/test/public.py is already up-to-date.
File context/_build/collections/ansible/utils/plugins/test/ipv4_netmask.py is already up-to-date.
File context/_build/collections/ansible/utils/plugins/lookup/get_path.py is already up-to-date.
File context/_build/collections/ansible/utils/plugins/lookup/to_paths.py is already up-to-date.
File context/_build/collections/ansible/utils/plugins/lookup/index_of.py is already up-to-date.
File context/_build/collections/ansible/utils/plugins/lookup/validate.py is already up-to-date.
File context/_build/collections/ansible/netcommon/FILES.json is already up-to-date.
File context/_build/collections/ansible/netcommon/test-requirements.txt is already up-to-date.
File context/_build/collections/ansible/netcommon/.github/workflows/integration-cml.yml is already up-to-date.
File context/_build/collections/ansible/netcommon/.github/workflows/codecoverage.yml is already up-to-date.
File context/_build/collections/ansible/netcommon/.github/workflows/release.yml is already up-to-date.
File context/_build/collections/ansible/netcommon/.github/workflows/token_refresh.yml is already up-to-date.
File context/_build/collections/ansible/netcommon/.github/workflows/sonarcloud.yml is already up-to-date.
File context/_build/collections/ansible/netcommon/.github/workflows/check_label.yml is already up-to-date.
File context/_build/collections/ansible/netcommon/.github/workflows/tests.yml is already up-to-date.
File context/_build/collections/ansible/netcommon/.github/workflows/close_stale_items.yml is already up-to-date.
File context/_build/collections/ansible/netcommon/.github/workflows/remove_needs_info.yml is already up-to-date.
File context/_build/collections/ansible/netcommon/.github/workflows/draft_release.yml is already up-to-date.
File context/_build/collections/ansible/netcommon/.github/release-drafter.yml is already up-to-date.
File context/_build/collections/ansible/netcommon/MANIFEST.json is already up-to-date.
File context/_build/collections/ansible/netcommon/README.md is already up-to-date.
File context/_build/collections/ansible/netcommon/docs/ansible.netcommon.enable_become.rst is already up-to-date.
File context/_build/collections/ansible/netcommon/docs/ansible.netcommon.httpapi_connection.rst is already up-to-date.
File context/_build/collections/ansible/netcommon/docs/ansible.netcommon.default_netconf.rst is already up-to-date.
File context/_build/collections/ansible/netcommon/docs/ansible.netcommon.net_get_module.rst is already up-to-date.
File context/_build/collections/ansible/netcommon/docs/ansible.netcommon.cli_backup_module.rst is already up-to-date.
File context/_build/collections/ansible/netcommon/docs/ansible.netcommon.network_cli_connection.rst is already up-to-date.
File context/_build/collections/ansible/netcommon/docs/ansible.netcommon.restconf_config_module.rst is already up-to-date.
File context/_build/collections/ansible/netcommon/docs/ansible.netcommon.vlan_parser_filter.rst is already up-to-date.
File context/_build/collections/ansible/netcommon/docs/ansible.netcommon.restconf_httpapi.rst is already up-to-date.
File context/_build/collections/ansible/netcommon/docs/ansible.netcommon.netconf_config_module.rst is already up-to-date.
File context/_build/collections/ansible/netcommon/docs/ansible.netcommon.restconf_get_module.rst is already up-to-date.
File context/_build/collections/ansible/netcommon/docs/ansible.netcommon.type5_pw_filter.rst is already up-to-date.
File context/_build/collections/ansible/netcommon/docs/ansible.netcommon.cli_config_module.rst is already up-to-date.
File context/_build/collections/ansible/netcommon/docs/ansible.netcommon.grpc_config_module.rst is already up-to-date.
File context/_build/collections/ansible/netcommon/docs/ansible.netcommon.cli_command_module.rst is already up-to-date.
File context/_build/collections/ansible/netcommon/docs/ansible.netcommon.hash_salt_filter.rst is already up-to-date.
File context/_build/collections/ansible/netcommon/docs/ansible.netcommon.default_cliconf.rst is already up-to-date.
File context/_build/collections/ansible/netcommon/docs/ansible.netcommon.netconf_connection.rst is already up-to-date.
File context/_build/collections/ansible/netcommon/docs/ansible.netcommon.netconf_get_module.rst is already up-to-date.
File context/_build/collections/ansible/netcommon/docs/ansible.netcommon.net_ping_module.rst is already up-to-date.
File context/_build/collections/ansible/netcommon/docs/ansible.netcommon.parse_cli_textfsm_filter.rst is already up-to-date.
File context/_build/collections/ansible/netcommon/docs/ansible.netcommon.network_resource_module.rst is already up-to-date.
File context/_build/collections/ansible/netcommon/docs/ansible.netcommon.parse_cli_filter.rst is already up-to-date.
File context/_build/collections/ansible/netcommon/docs/ansible.netcommon.net_put_module.rst is already up-to-date.
File context/_build/collections/ansible/netcommon/docs/ansible.netcommon.vlan_expander_filter.rst is already up-to-date.
File context/_build/collections/ansible/netcommon/docs/ansible.netcommon.netconf_rpc_module.rst is already up-to-date.
File context/_build/collections/ansible/netcommon/docs/ansible.netcommon.cli_restore_module.rst is already up-to-date.
File context/_build/collections/ansible/netcommon/docs/ansible.netcommon.parse_xml_filter.rst is already up-to-date.
File context/_build/collections/ansible/netcommon/docs/ansible.netcommon.pop_ace_filter.rst is already up-to-date.
File context/_build/collections/ansible/netcommon/docs/ansible.netcommon.comp_type5_filter.rst is already up-to-date.
File context/_build/collections/ansible/netcommon/docs/ansible.netcommon.libssh_connection.rst is already up-to-date.
File context/_build/collections/ansible/netcommon/docs/ansible.netcommon.telnet_module.rst is already up-to-date.
File context/_build/collections/ansible/netcommon/docs/ansible.netcommon.persistent_connection.rst is already up-to-date.
File context/_build/collections/ansible/netcommon/docs/ansible.netcommon.grpc_connection.rst is already up-to-date.
File context/_build/collections/ansible/netcommon/docs/ansible.netcommon.grpc_get_module.rst is already up-to-date.
File context/_build/collections/ansible/netcommon/bindep.txt is already up-to-date.
File context/_build/collections/ansible/netcommon/LICENSE is already up-to-date.
File context/_build/collections/ansible/netcommon/changelogs/changelog.yaml is already up-to-date.
File context/_build/collections/ansible/netcommon/changelogs/config.yaml is already up-to-date.
File context/_build/collections/ansible/netcommon/changelogs/fragments/.keep is already up-to-date.
File context/_build/collections/ansible/netcommon/changelogs/CHANGELOG.rst is already up-to-date.
File context/_build/collections/ansible/netcommon/LICENSES/PSF-2.0.txt is already up-to-date.
File context/_build/collections/ansible/netcommon/LICENSES/BSD-2-Clause.txt is already up-to-date.
File context/_build/collections/ansible/netcommon/LICENSES/GPL-3.0-or-later.txt is already up-to-date.
File context/_build/collections/ansible/netcommon/tests/.gitignore is already up-to-date.
File context/_build/collections/ansible/netcommon/tests/sanity/ignore-2.18.txt is already up-to-date.
File context/_build/collections/ansible/netcommon/tests/sanity/ignore-2.21.txt is already up-to-date.
File context/_build/collections/ansible/netcommon/tests/sanity/ignore-2.15.txt is already up-to-date.
File context/_build/collections/ansible/netcommon/tests/sanity/ignore-2.22.txt is already up-to-date.
File context/_build/collections/ansible/netcommon/tests/sanity/ignore-2.19.txt is already up-to-date.
File context/_build/collections/ansible/netcommon/tests/sanity/ignore-2.16.txt is already up-to-date.
File context/_build/collections/ansible/netcommon/tests/sanity/ignore-2.14.txt is already up-to-date.
File context/_build/collections/ansible/netcommon/tests/sanity/ignore-2.17.txt is already up-to-date.
File context/_build/collections/ansible/netcommon/tests/sanity/ignore-2.20.txt is already up-to-date.
File context/_build/collections/ansible/netcommon/tests/integration/targets/httpapi_tests/tasks/nxos_cli_config.yaml is already up-to-date.
File context/_build/collections/ansible/netcommon/tests/integration/targets/httpapi_tests/tasks/nxos_cli_command.yaml is already up-to-date.
File context/_build/collections/ansible/netcommon/tests/integration/targets/httpapi_tests/tasks/nxos_any_rm.yaml is already up-to-date.
File context/_build/collections/ansible/netcommon/tests/integration/targets/httpapi_tests/tasks/main.yaml is already up-to-date.
File context/_build/collections/ansible/netcommon/tests/integration/targets/restconf_config/defaults/main.yaml is already up-to-date.
File context/_build/collections/ansible/netcommon/tests/integration/targets/restconf_config/tests/iosxe/basic.yaml is already up-to-date.
File context/_build/collections/ansible/netcommon/tests/integration/targets/restconf_config/tasks/main.yaml is already up-to-date.
File context/_build/collections/ansible/netcommon/tests/integration/targets/restconf_config/tasks/restconf.yaml is already up-to-date.
File context/_build/collections/ansible/netcommon/tests/integration/targets/restconf_config/meta/main.yml is already up-to-date.
File context/_build/collections/ansible/netcommon/tests/integration/targets/netconf_config/defaults/main.yaml is already up-to-date.
File context/_build/collections/ansible/netcommon/tests/integration/targets/netconf_config/tests/nxos/basic.yaml is already up-to-date.
File context/_build/collections/ansible/netcommon/tests/integration/targets/netconf_config/tests/nxos/fixtures/config.yaml is already up-to-date.
File context/_build/collections/ansible/netcommon/tests/integration/targets/netconf_config/tests/iosxr/basic.yaml is already up-to-date.
File context/_build/collections/ansible/netcommon/tests/integration/targets/netconf_config/tasks/iosxr.yaml is already up-to-date.
File context/_build/collections/ansible/netcommon/tests/integration/targets/netconf_config/tasks/main.yaml is already up-to-date.
File context/_build/collections/ansible/netcommon/tests/integration/targets/netconf_config/tasks/nxos.yaml is already up-to-date.
File context/_build/collections/ansible/netcommon/tests/integration/targets/netconf_config/meta/main.yml is already up-to-date.
File context/_build/collections/ansible/netcommon/tests/integration/targets/prepare_iosxr_tests/templates/config.j2 is already up-to-date.
File context/_build/collections/ansible/netcommon/tests/integration/targets/prepare_iosxr_tests/templates/config_grpc.j2 is already up-to-date.
File context/_build/collections/ansible/netcommon/tests/integration/targets/prepare_iosxr_tests/tasks/main.yml is already up-to-date.
File context/_build/collections/ansible/netcommon/tests/integration/targets/cli_tests/templates/basic/config_src_not_recommended.j2 is already up-to-date.
File context/_build/collections/ansible/netcommon/tests/integration/targets/cli_tests/templates/basic/config_src_recommended.j2 is already up-to-date.
File context/_build/collections/ansible/netcommon/tests/integration/targets/cli_tests/tasks/nxos_template_file.yaml is already up-to-date.
File context/_build/collections/ansible/netcommon/tests/integration/targets/cli_tests/tasks/nxos_cli_config.yaml is already up-to-date.
File context/_build/collections/ansible/netcommon/tests/integration/targets/cli_tests/tasks/nxos_cli_command.yaml is already up-to-date.
File context/_build/collections/ansible/netcommon/tests/integration/targets/cli_tests/tasks/nxos_any_rm.yaml is already up-to-date.
File context/_build/collections/ansible/netcommon/tests/integration/targets/cli_tests/tasks/main.yaml is already up-to-date.
File context/_build/collections/ansible/netcommon/tests/integration/targets/cli_tests/tasks/nxos_net_put.yaml is already up-to-date.
File context/_build/collections/ansible/netcommon/tests/integration/targets/netconf_rpc/defaults/main.yaml is already up-to-date.
File context/_build/collections/ansible/netcommon/tests/integration/targets/netconf_rpc/tests/iosxr/basic.yaml is already up-to-date.
File context/_build/collections/ansible/netcommon/tests/integration/targets/netconf_rpc/tasks/iosxr.yaml is already up-to-date.
File context/_build/collections/ansible/netcommon/tests/integration/targets/netconf_rpc/tasks/main.yaml is already up-to-date.
File context/_build/collections/ansible/netcommon/tests/integration/targets/netconf_rpc/meta/main.yml is already up-to-date.
File context/_build/collections/ansible/netcommon/tests/integration/targets/cli_parse/templates/nxos_parse_xml.yml is already up-to-date.
File context/_build/collections/ansible/netcommon/tests/integration/targets/cli_parse/templates/nxos_show_interface.ttp is already up-to-date.
File context/_build/collections/ansible/netcommon/tests/integration/targets/cli_parse/templates/nxos_show_version.textfsm is already up-to-date.
File context/_build/collections/ansible/netcommon/tests/integration/targets/cli_parse/templates/ubuntu_ps_-ef.yaml is already up-to-date.
File context/_build/collections/ansible/netcommon/tests/integration/targets/cli_parse/templates/nxos_show_interface.yaml is already up-to-date.
File context/_build/collections/ansible/netcommon/tests/integration/targets/cli_parse/templates/ubuntu_iptables_--list.yaml is already up-to-date.
File context/_build/collections/ansible/netcommon/tests/integration/targets/cli_parse/tasks/nxos_xml.yaml is already up-to-date.
File context/_build/collections/ansible/netcommon/tests/integration/targets/cli_parse/tasks/nxos_native.yaml is already up-to-date.
File context/_build/collections/ansible/netcommon/tests/integration/targets/cli_parse/tasks/nxos_textfsm.yaml is already up-to-date.
File context/_build/collections/ansible/netcommon/tests/integration/targets/cli_parse/tasks/nxos_ntc_templates.yaml is already up-to-date.
File context/_build/collections/ansible/netcommon/tests/integration/targets/cli_parse/tasks/main.yaml is already up-to-date.
File context/_build/collections/ansible/netcommon/tests/integration/targets/cli_parse/tasks/nxos_pyats.yaml is already up-to-date.
File context/_build/collections/ansible/netcommon/tests/integration/targets/cli_parse/tasks/ubuntu_native.yaml is already up-to-date.
File context/_build/collections/ansible/netcommon/tests/integration/targets/cli_parse/fixtures/output.xml is already up-to-date.
File context/_build/collections/ansible/netcommon/tests/integration/targets/prepare_iosxe_tests/tasks/main.yml is already up-to-date.
File context/_build/collections/ansible/netcommon/tests/integration/targets/prepare_nxos_tests/tasks/main.yaml is already up-to-date.
File context/_build/collections/ansible/netcommon/tests/integration/targets/restconf_get/defaults/main.yaml is already up-to-date.
File context/_build/collections/ansible/netcommon/tests/integration/targets/restconf_get/tests/iosxe/basic.yaml is already up-to-date.
File context/_build/collections/ansible/netcommon/tests/integration/targets/restconf_get/tasks/main.yaml is already up-to-date.
File context/_build/collections/ansible/netcommon/tests/integration/targets/restconf_get/tasks/restconf.yaml is already up-to-date.
File context/_build/collections/ansible/netcommon/tests/integration/targets/restconf_get/meta/main.yml is already up-to-date.
File context/_build/collections/ansible/netcommon/tests/integration/targets/netconf_get/defaults/main.yaml is already up-to-date.
File context/_build/collections/ansible/netcommon/tests/integration/targets/netconf_get/tests/iosxr/basic.yaml is already up-to-date.
File context/_build/collections/ansible/netcommon/tests/integration/targets/netconf_get/tests/iosxr/huge_tree.yaml is already up-to-date.
File context/_build/collections/ansible/netcommon/tests/integration/targets/netconf_get/tasks/iosxr.yaml is already up-to-date.
File context/_build/collections/ansible/netcommon/tests/integration/targets/netconf_get/tasks/main.yaml is already up-to-date.
File context/_build/collections/ansible/netcommon/tests/integration/targets/netconf_get/meta/main.yml is already up-to-date.
File context/_build/collections/ansible/netcommon/tests/integration/hold/grpc_config/defaults/main.yaml is already up-to-date.
File context/_build/collections/ansible/netcommon/tests/integration/hold/grpc_config/tests/iosxr/basic.yaml is already up-to-date.
File context/_build/collections/ansible/netcommon/tests/integration/hold/grpc_config/tests/iosxr/fixtures/bgp_delete.yml is already up-to-date.
File context/_build/collections/ansible/netcommon/tests/integration/hold/grpc_config/tests/iosxr/fixtures/bgp_start.yml is already up-to-date.
File context/_build/collections/ansible/netcommon/tests/integration/hold/grpc_config/tasks/junos.yaml is already up-to-date.
File context/_build/collections/ansible/netcommon/tests/integration/hold/grpc_config/tasks/iosxr.yaml is already up-to-date.
File context/_build/collections/ansible/netcommon/tests/integration/hold/grpc_config/tasks/main.yaml is already up-to-date.
File context/_build/collections/ansible/netcommon/tests/integration/hold/grpc_config/tasks/nxos.yaml is already up-to-date.
File context/_build/collections/ansible/netcommon/tests/integration/hold/grpc_config/meta/main.yml is already up-to-date.
File context/_build/collections/ansible/netcommon/tests/integration/hold/grpc_config/vars/main.yaml is already up-to-date.
File context/_build/collections/ansible/netcommon/tests/integration/hold/grpc_get/defaults/main.yaml is already up-to-date.
File context/_build/collections/ansible/netcommon/tests/integration/hold/grpc_get/tests/iosxr/basic.yaml is already up-to-date.
File context/_build/collections/ansible/netcommon/tests/integration/hold/grpc_get/tasks/iosxr.yaml is already up-to-date.
File context/_build/collections/ansible/netcommon/tests/integration/hold/grpc_get/tasks/main.yaml is already up-to-date.
File context/_build/collections/ansible/netcommon/tests/integration/hold/grpc_get/meta/main.yml is already up-to-date.
File context/_build/collections/ansible/netcommon/tests/integration/target-prefixes.network is already up-to-date.
File context/_build/collections/ansible/netcommon/tests/integration/labs/inventory.j2 is already up-to-date.
File context/_build/collections/ansible/netcommon/tests/integration/labs/multi.yaml is already up-to-date.
File context/_build/collections/ansible/netcommon/tests/config.yml is already up-to-date.
File context/_build/collections/ansible/netcommon/tests/unit/mock/vault_helper.py is already up-to-date.
File context/_build/collections/ansible/netcommon/tests/unit/mock/loader.py is already up-to-date.
File context/_build/collections/ansible/netcommon/tests/unit/mock/yaml_helper.py is already up-to-date.
File context/_build/collections/ansible/netcommon/tests/unit/mock/path.py is already up-to-date.
File context/_build/collections/ansible/netcommon/tests/unit/mock/__init__.py is already up-to-date.
File context/_build/collections/ansible/netcommon/tests/unit/mock/procenv.py is already up-to-date.
File context/_build/collections/ansible/netcommon/tests/unit/module_utils/network/__init__.py is already up-to-date.
File context/_build/collections/ansible/netcommon/tests/unit/module_utils/network/common/test_parsing.py is already up-to-date.
File context/_build/collections/ansible/netcommon/tests/unit/module_utils/network/common/__init__.py is already up-to-date.
File context/_build/collections/ansible/netcommon/tests/unit/module_utils/network/common/test_utils.py is already up-to-date.
File context/_build/collections/ansible/netcommon/tests/unit/module_utils/network/common/test_config.py is already up-to-date.
File context/_build/collections/ansible/netcommon/tests/unit/module_utils/network/common/test_netconf.py is already up-to-date.
File context/_build/collections/ansible/netcommon/tests/unit/module_utils/__init__.py is already up-to-date.
File context/_build/collections/ansible/netcommon/tests/unit/modules/network/cli/cli_module.py is already up-to-date.
File context/_build/collections/ansible/netcommon/tests/unit/modules/network/cli/test_cli_config.py is already up-to-date.
File context/_build/collections/ansible/netcommon/tests/unit/modules/network/cli/__init__.py is already up-to-date.
File context/_build/collections/ansible/netcommon/tests/unit/modules/network/__init__.py is already up-to-date.
File context/_build/collections/ansible/netcommon/tests/unit/modules/__init__.py is already up-to-date.
File context/_build/collections/ansible/netcommon/tests/unit/modules/utils.py is already up-to-date.
File context/_build/collections/ansible/netcommon/tests/unit/requirements.txt is already up-to-date.
File context/_build/collections/ansible/netcommon/tests/unit/__init__.py is already up-to-date.
File context/_build/collections/ansible/netcommon/tests/unit/plugins/cliconf/test_default.py is already up-to-date.
File context/_build/collections/ansible/netcommon/tests/unit/plugins/plugin_utils/test_version.py is already up-to-date.
File context/_build/collections/ansible/netcommon/tests/unit/plugins/plugin_utils/test_argspec_filter_utils.py is already up-to-date.
File context/_build/collections/ansible/netcommon/tests/unit/plugins/cache/test_memory.py is already up-to-date.
File context/_build/collections/ansible/netcommon/tests/unit/plugins/cache/__init__.py is already up-to-date.
File context/_build/collections/ansible/netcommon/tests/unit/plugins/cli_parsers/fixtures/ios_show_ip_interface_brief.cfg is already up-to-date.
File context/_build/collections/ansible/netcommon/tests/unit/plugins/cli_parsers/fixtures/nxos_show_version.cfg is already up-to-date.
File context/_build/collections/ansible/netcommon/tests/unit/plugins/cli_parsers/test_pyats_parser.py is already up-to-date.
File context/_build/collections/ansible/netcommon/tests/unit/plugins/__init__.py is already up-to-date.
File context/_build/collections/ansible/netcommon/tests/unit/plugins/filter/test_hash_salt.py is already up-to-date.
File context/_build/collections/ansible/netcommon/tests/unit/plugins/filter/test_type5_pw.py is already up-to-date.
File context/_build/collections/ansible/netcommon/tests/unit/plugins/filter/fixtures/network/show_vlans_xml_spec.yml is already up-to-date.
File context/_build/collections/ansible/netcommon/tests/unit/plugins/filter/fixtures/network/show_vlans_xml_output.txt is already up-to-date.
File context/_build/collections/ansible/netcommon/tests/unit/plugins/filter/fixtures/network/show_vlans_xml_with_key_spec.yml is already up-to-date.
File context/_build/collections/ansible/netcommon/tests/unit/plugins/filter/fixtures/network/show_vlans_xml_single_value_spec.yml is already up-to-date.
File context/_build/collections/ansible/netcommon/tests/unit/plugins/filter/fixtures/network/show_vlans_xml_with_condition_spec.yml is already up-to-date.
File context/_build/collections/ansible/netcommon/tests/unit/plugins/filter/test_vlan_parser.py is already up-to-date.
File context/_build/collections/ansible/netcommon/tests/unit/plugins/filter/__init__.py is already up-to-date.
File context/_build/collections/ansible/netcommon/tests/unit/plugins/filter/test_vlan_extender.py is already up-to-date.
File context/_build/collections/ansible/netcommon/tests/unit/plugins/filter/comp_type5.py is already up-to-date.
File context/_build/collections/ansible/netcommon/tests/unit/plugins/filter/test_filter_convert_to_native.py is already up-to-date.
File context/_build/collections/ansible/netcommon/tests/unit/plugins/filter/test_network.py is already up-to-date.
File context/_build/collections/ansible/netcommon/tests/unit/plugins/filter/test_pop_ace.py is already up-to-date.
File context/_build/collections/ansible/netcommon/tests/unit/plugins/action/network/test_network.py is already up-to-date.
File context/_build/collections/ansible/netcommon/tests/unit/plugins/action/test_net_put.py is already up-to-date.
File context/_build/collections/ansible/netcommon/tests/unit/plugins/connection/test_network_cli.py is already up-to-date.
File context/_build/collections/ansible/netcommon/tests/unit/plugins/connection/__init__.py is already up-to-date.
File context/_build/collections/ansible/netcommon/tests/unit/plugins/connection/test_netconf.py is already up-to-date.
File context/_build/collections/ansible/netcommon/tests/unit/plugins/connection/test_libssh.py is already up-to-date.
File context/_build/collections/ansible/netcommon/tox-ansible.ini is already up-to-date.
File context/_build/collections/ansible/netcommon/pyproject.toml is already up-to-date.
File context/_build/collections/ansible/netcommon/requirements.txt is already up-to-date.
File context/_build/collections/ansible/netcommon/meta/runtime.yml is already up-to-date.
File context/_build/collections/ansible/netcommon/CHANGELOG.rst is already up-to-date.
File context/_build/collections/ansible/netcommon/plugins/module_utils/network/grpc/grpc.py is already up-to-date.
File context/_build/collections/ansible/netcommon/plugins/module_utils/network/netconf/netconf.py is already up-to-date.
File context/_build/collections/ansible/netcommon/plugins/module_utils/network/restconf/restconf.py is already up-to-date.
File context/_build/collections/ansible/netcommon/plugins/module_utils/network/common/config.py is already up-to-date.
File context/_build/collections/ansible/netcommon/plugins/module_utils/network/common/netconf.py is already up-to-date.
File context/_build/collections/ansible/netcommon/plugins/module_utils/network/common/rm_base/resource_module.py is already up-to-date.
File context/_build/collections/ansible/netcommon/plugins/module_utils/network/common/rm_base/network_template.py is already up-to-date.
File context/_build/collections/ansible/netcommon/plugins/module_utils/network/common/rm_base/resource_module_base.py is already up-to-date.
File context/_build/collections/ansible/netcommon/plugins/module_utils/network/common/facts/facts.py is already up-to-date.
File context/_build/collections/ansible/netcommon/plugins/module_utils/network/common/utils.py is already up-to-date.
File context/_build/collections/ansible/netcommon/plugins/module_utils/network/common/cfg/base.py is already up-to-date.
File context/_build/collections/ansible/netcommon/plugins/module_utils/network/common/network.py is already up-to-date.
File context/_build/collections/ansible/netcommon/plugins/module_utils/network/common/parsing.py is already up-to-date.
File context/_build/collections/ansible/netcommon/plugins/module_utils/cli_parser/cli_parserbase.py is already up-to-date.
File context/_build/collections/ansible/netcommon/plugins/module_utils/cli_parser/cli_parsertemplate.py is already up-to-date.
File context/_build/collections/ansible/netcommon/plugins/module_utils/utils/data.py is already up-to-date.
File context/_build/collections/ansible/netcommon/plugins/modules/cli_restore.py is already up-to-date.
File context/_build/collections/ansible/netcommon/plugins/modules/net_ping.py is already up-to-date.
File context/_build/collections/ansible/netcommon/plugins/modules/restconf_config.py is already up-to-date.
File context/_build/collections/ansible/netcommon/plugins/modules/cli_command.py is already up-to-date.
File context/_build/collections/ansible/netcommon/plugins/modules/netconf_get.py is already up-to-date.
File context/_build/collections/ansible/netcommon/plugins/modules/netconf_rpc.py is already up-to-date.
File context/_build/collections/ansible/netcommon/plugins/modules/restconf_get.py is already up-to-date.
File context/_build/collections/ansible/netcommon/plugins/modules/grpc_get.py is already up-to-date.
File context/_build/collections/ansible/netcommon/plugins/modules/grpc_config.py is already up-to-date.
File context/_build/collections/ansible/netcommon/plugins/modules/net_get.py is already up-to-date.
File context/_build/collections/ansible/netcommon/plugins/modules/net_put.py is already up-to-date.
File context/_build/collections/ansible/netcommon/plugins/modules/cli_backup.py is already up-to-date.
File context/_build/collections/ansible/netcommon/plugins/modules/netconf_config.py is already up-to-date.
File context/_build/collections/ansible/netcommon/plugins/modules/network_resource.py is already up-to-date.
File context/_build/collections/ansible/netcommon/plugins/modules/telnet.py is already up-to-date.
File context/_build/collections/ansible/netcommon/plugins/modules/cli_config.py is already up-to-date.
File context/_build/collections/ansible/netcommon/plugins/cliconf/default.py is already up-to-date.
File context/_build/collections/ansible/netcommon/plugins/become/__pycache__/enable.cpython-314.pyc is already up-to-date.
File context/_build/collections/ansible/netcommon/plugins/become/enable.py is already up-to-date.
File context/_build/collections/ansible/netcommon/plugins/plugin_utils/compat/telnetlib.py is already up-to-date.
File context/_build/collections/ansible/netcommon/plugins/plugin_utils/pop_ace.py is already up-to-date.
File context/_build/collections/ansible/netcommon/plugins/plugin_utils/vlan_parser.py is already up-to-date.
File context/_build/collections/ansible/netcommon/plugins/plugin_utils/netconf_base.py is already up-to-date.
File context/_build/collections/ansible/netcommon/plugins/plugin_utils/type5_pw.py is already up-to-date.
File context/_build/collections/ansible/netcommon/plugins/plugin_utils/vlan_expander.py is already up-to-date.
File context/_build/collections/ansible/netcommon/plugins/plugin_utils/hash_salt.py is already up-to-date.
File context/_build/collections/ansible/netcommon/plugins/plugin_utils/parse_cli_textfsm.py is already up-to-date.
File context/_build/collections/ansible/netcommon/plugins/plugin_utils/cliconf_base.py is already up-to-date.
File context/_build/collections/ansible/netcommon/plugins/plugin_utils/parse_cli.py is already up-to-date.
File context/_build/collections/ansible/netcommon/plugins/plugin_utils/argspec_filter_utils.py is already up-to-date.
File context/_build/collections/ansible/netcommon/plugins/plugin_utils/version.py is already up-to-date.
File context/_build/collections/ansible/netcommon/plugins/plugin_utils/connection_base.py is already up-to-date.
File context/_build/collections/ansible/netcommon/plugins/plugin_utils/httpapi_base.py is already up-to-date.
File context/_build/collections/ansible/netcommon/plugins/plugin_utils/comp_type5.py is already up-to-date.
File context/_build/collections/ansible/netcommon/plugins/plugin_utils/parse_xml.py is already up-to-date.
File context/_build/collections/ansible/netcommon/plugins/plugin_utils/terminal_base.py is already up-to-date.
File context/_build/collections/ansible/netcommon/plugins/httpapi/restconf.py is already up-to-date.
File context/_build/collections/ansible/netcommon/plugins/doc_fragments/__pycache__/network_agnostic.cpython-314.pyc is already up-to-date.
File context/_build/collections/ansible/netcommon/plugins/doc_fragments/__pycache__/connection_persistent.cpython-314.pyc is already up-to-date.
File context/_build/collections/ansible/netcommon/plugins/doc_fragments/connection_persistent.py is already up-to-date.
File context/_build/collections/ansible/netcommon/plugins/doc_fragments/network_agnostic.py is already up-to-date.
File context/_build/collections/ansible/netcommon/plugins/cache/memory.py is already up-to-date.
File context/_build/collections/ansible/netcommon/plugins/filter/pop_ace.py is already up-to-date.
File context/_build/collections/ansible/netcommon/plugins/filter/vlan_parser.py is already up-to-date.
File context/_build/collections/ansible/netcommon/plugins/filter/type5_pw.py is already up-to-date.
File context/_build/collections/ansible/netcommon/plugins/filter/vlan_expander.py is already up-to-date.
File context/_build/collections/ansible/netcommon/plugins/filter/hash_salt.py is already up-to-date.
File context/_build/collections/ansible/netcommon/plugins/filter/parse_cli_textfsm.py is already up-to-date.
File context/_build/collections/ansible/netcommon/plugins/filter/parse_cli.py is already up-to-date.
File context/_build/collections/ansible/netcommon/plugins/filter/comp_type5.py is already up-to-date.
File context/_build/collections/ansible/netcommon/plugins/filter/parse_xml.py is already up-to-date.
File context/_build/collections/ansible/netcommon/plugins/netconf/__pycache__/default.cpython-314.pyc is already up-to-date.
File context/_build/collections/ansible/netcommon/plugins/netconf/default.py is already up-to-date.
File context/_build/collections/ansible/netcommon/plugins/sub_plugins/grpc/base.py is already up-to-date.
File context/_build/collections/ansible/netcommon/plugins/sub_plugins/cli_parser/pyats_parser.py is already up-to-date.
File context/_build/collections/ansible/netcommon/plugins/sub_plugins/cli_parser/ntc_templates_parser.py is already up-to-date.
File context/_build/collections/ansible/netcommon/plugins/sub_plugins/cli_parser/content_templates_parser.py is already up-to-date.
File context/_build/collections/ansible/netcommon/plugins/sub_plugins/cli_parser/native_parser.py is already up-to-date.
File context/_build/collections/ansible/netcommon/plugins/action/__pycache__/cli_command.cpython-314.pyc is already up-to-date.
File context/_build/collections/ansible/netcommon/plugins/action/grpc.py is already up-to-date.
File context/_build/collections/ansible/netcommon/plugins/action/net_ping.py is already up-to-date.
File context/_build/collections/ansible/netcommon/plugins/action/netconf.py is already up-to-date.
File context/_build/collections/ansible/netcommon/plugins/action/cli_command.py is already up-to-date.
File context/_build/collections/ansible/netcommon/plugins/action/net_get.py is already up-to-date.
File context/_build/collections/ansible/netcommon/plugins/action/net_put.py is already up-to-date.
File context/_build/collections/ansible/netcommon/plugins/action/cli_backup.py is already up-to-date.
File context/_build/collections/ansible/netcommon/plugins/action/network_resource.py is already up-to-date.
File context/_build/collections/ansible/netcommon/plugins/action/telnet.py is already up-to-date.
File context/_build/collections/ansible/netcommon/plugins/action/cli_config.py is already up-to-date.
File context/_build/collections/ansible/netcommon/plugins/action/network.py is already up-to-date.
File context/_build/collections/ansible/netcommon/plugins/connection/__pycache__/netconf.cpython-314.pyc is already up-to-date.
File context/_build/collections/ansible/netcommon/plugins/connection/__pycache__/persistent.cpython-314.pyc is already up-to-date.
File context/_build/collections/ansible/netcommon/plugins/connection/__pycache__/grpc.cpython-314.pyc is already up-to-date.
File context/_build/collections/ansible/netcommon/plugins/connection/__pycache__/httpapi.cpython-314.pyc is already up-to-date.
File context/_build/collections/ansible/netcommon/plugins/connection/__pycache__/network_cli.cpython-314.pyc is already up-to-date.
File context/_build/collections/ansible/netcommon/plugins/connection/grpc.py is already up-to-date.
File context/_build/collections/ansible/netcommon/plugins/connection/netconf.py is already up-to-date.
File context/_build/collections/ansible/netcommon/plugins/connection/persistent.py is already up-to-date.
File context/_build/collections/ansible/netcommon/plugins/connection/httpapi.py is already up-to-date.
File context/_build/collections/ansible/netcommon/plugins/connection/network_cli.py is already up-to-date.
File context/_build/collections/ansible/netcommon/plugins/connection/libssh.py is already up-to-date.
File context/_build/collections/frr/frr/FILES.json is already up-to-date.
File context/_build/collections/frr/frr/codecov.yml is already up-to-date.
File context/_build/collections/frr/frr/test-requirements.txt is already up-to-date.
File context/_build/collections/frr/frr/.github/workflows/codecoverage.yml is already up-to-date.
File context/_build/collections/frr/frr/.github/workflows/test.yml is already up-to-date.
File context/_build/collections/frr/frr/.gitignore is already up-to-date.
File context/_build/collections/frr/frr/.pre-commit-config.yaml is already up-to-date.
File context/_build/collections/frr/frr/MANIFEST.json is already up-to-date.
File context/_build/collections/frr/frr/.yamllint is already up-to-date.
File context/_build/collections/frr/frr/README.md is already up-to-date.
File context/_build/collections/frr/frr/docs/frr.frr.frr_facts_module.rst is already up-to-date.
File context/_build/collections/frr/frr/docs/frr.frr.frr_cliconf.rst is already up-to-date.
File context/_build/collections/frr/frr/docs/frr.frr.frr_bgp_module.rst is already up-to-date.
File context/_build/collections/frr/frr/bindep.txt is already up-to-date.
File context/_build/collections/frr/frr/LICENSE is already up-to-date.
File context/_build/collections/frr/frr/changelogs/changelog.yaml is already up-to-date.
File context/_build/collections/frr/frr/changelogs/config.yaml is already up-to-date.
File context/_build/collections/frr/frr/.config/ansible-lint.yml is already up-to-date.
File context/_build/collections/frr/frr/tests/.gitignore is already up-to-date.
File context/_build/collections/frr/frr/tests/sanity/ignore-2.12.txt is already up-to-date.
File context/_build/collections/frr/frr/tests/sanity/ignore-2.15.txt is already up-to-date.
File context/_build/collections/frr/frr/tests/sanity/ignore-2.16.txt is already up-to-date.
File context/_build/collections/frr/frr/tests/sanity/ignore-2.14.txt is already up-to-date.
File context/_build/collections/frr/frr/tests/sanity/ignore-2.9.txt is already up-to-date.
File context/_build/collections/frr/frr/tests/sanity/ignore-2.10.txt is already up-to-date.
File context/_build/collections/frr/frr/tests/sanity/ignore-2.13.txt is already up-to-date.
File context/_build/collections/frr/frr/tests/unit/compat/__init__.py is already up-to-date.
File context/_build/collections/frr/frr/tests/unit/compat/mock.py is already up-to-date.
File context/_build/collections/frr/frr/tests/unit/compat/unittest.py is already up-to-date.
File context/_build/collections/frr/frr/tests/unit/mock/vault_helper.py is already up-to-date.
File context/_build/collections/frr/frr/tests/unit/mock/loader.py is already up-to-date.
File context/_build/collections/frr/frr/tests/unit/mock/yaml_helper.py is already up-to-date.
File context/_build/collections/frr/frr/tests/unit/mock/path.py is already up-to-date.
File context/_build/collections/frr/frr/tests/unit/mock/__init__.py is already up-to-date.
File context/_build/collections/frr/frr/tests/unit/mock/procenv.py is already up-to-date.
File context/_build/collections/frr/frr/tests/unit/modules/network/frr/test_frr_facts.py is already up-to-date.
File context/_build/collections/frr/frr/tests/unit/modules/network/frr/fixtures/frr_facts_show_interface is already up-to-date.
File context/_build/collections/frr/frr/tests/unit/modules/network/frr/fixtures/frr_facts_show_memory is already up-to-date.
File context/_build/collections/frr/frr/tests/unit/modules/network/frr/fixtures/frr_facts_show_version is already up-to-date.
File context/_build/collections/frr/frr/tests/unit/modules/network/frr/fixtures/frr_bgp_config is already up-to-date.
File context/_build/collections/frr/frr/tests/unit/modules/network/frr/fixtures/__init__.py is already up-to-date.
File context/_build/collections/frr/frr/tests/unit/modules/network/frr/frr_module.py is already up-to-date.
File context/_build/collections/frr/frr/tests/unit/modules/network/frr/__init__.py is already up-to-date.
File context/_build/collections/frr/frr/tests/unit/modules/network/frr/test_frr_bgp.py is already up-to-date.
File context/_build/collections/frr/frr/tests/unit/modules/network/__init__.py is already up-to-date.
File context/_build/collections/frr/frr/tests/unit/modules/__init__.py is already up-to-date.
File context/_build/collections/frr/frr/tests/unit/modules/conftest.py is already up-to-date.
File context/_build/collections/frr/frr/tests/unit/modules/utils.py is already up-to-date.
File context/_build/collections/frr/frr/tests/unit/requirements.txt is already up-to-date.
File context/_build/collections/frr/frr/tests/unit/__init__.py is already up-to-date.
File context/_build/collections/frr/frr/tox.ini is already up-to-date.
File context/_build/collections/frr/frr/.isort.cfg is already up-to-date.
File context/_build/collections/frr/frr/pyproject.toml is already up-to-date.
File context/_build/collections/frr/frr/requirements.txt is already up-to-date.
File context/_build/collections/frr/frr/meta/runtime.yml is already up-to-date.
File context/_build/collections/frr/frr/.prettierignore is already up-to-date.
File context/_build/collections/frr/frr/CHANGELOG.rst is already up-to-date.
File context/_build/collections/frr/frr/plugins/module_utils/network/frr/__init__.py is already up-to-date.
File context/_build/collections/frr/frr/plugins/module_utils/network/frr/frr.py is already up-to-date.
File context/_build/collections/frr/frr/plugins/module_utils/network/frr/providers/module.py is already up-to-date.
File context/_build/collections/frr/frr/plugins/module_utils/network/frr/providers/cli/__init__.py is already up-to-date.
File context/_build/collections/frr/frr/plugins/module_utils/network/frr/providers/cli/config/bgp/address_family.py is already up-to-date.
File context/_build/collections/frr/frr/plugins/module_utils/network/frr/providers/cli/config/bgp/neighbors.py is already up-to-date.
File context/_build/collections/frr/frr/plugins/module_utils/network/frr/providers/cli/config/bgp/process.py is already up-to-date.
File context/_build/collections/frr/frr/plugins/module_utils/network/frr/providers/cli/config/bgp/__init__.py is already up-to-date.
File context/_build/collections/frr/frr/plugins/module_utils/network/frr/providers/cli/config/__init__.py is already up-to-date.
File context/_build/collections/frr/frr/plugins/module_utils/network/frr/providers/cli/config/base.py is already up-to-date.
File context/_build/collections/frr/frr/plugins/module_utils/network/frr/providers/providers.py is already up-to-date.
File context/_build/collections/frr/frr/plugins/module_utils/network/frr/providers/__init__.py is already up-to-date.
File context/_build/collections/frr/frr/plugins/module_utils/__init__.py is already up-to-date.
File context/_build/collections/frr/frr/plugins/modules/frr_bgp.py is already up-to-date.
File context/_build/collections/frr/frr/plugins/modules/__init__.py is already up-to-date.
File context/_build/collections/frr/frr/plugins/modules/frr_facts.py is already up-to-date.
File context/_build/collections/frr/frr/plugins/cliconf/__pycache__/frr.cpython-314.pyc is already up-to-date.
File context/_build/collections/frr/frr/plugins/cliconf/__init__.py is already up-to-date.
File context/_build/collections/frr/frr/plugins/cliconf/frr.py is already up-to-date.
File context/_build/collections/frr/frr/plugins/terminal/__pycache__/frr.cpython-314.pyc is already up-to-date.
File context/_build/collections/frr/frr/plugins/terminal/__init__.py is already up-to-date.
File context/_build/collections/frr/frr/plugins/terminal/frr.py is already up-to-date.
File context/_build/scripts/assemble is already up-to-date.
File context/_build/scripts/install-from-bindep is already up-to-date.
File context/_build/scripts/introspect.py is already up-to-date.
File context/_build/scripts/check_galaxy is already up-to-date.
File context/_build/scripts/check_ansible is already up-to-date.
File context/_build/scripts/pip_install is already up-to-date.
File context/_build/scripts/entrypoint is already up-to-date.
Ansible Builder is building your execution environment image. Tags: ex457-ee:latest
Running command:
  docker build -f context/Dockerfile -t ex457-ee:latest context
DEPRECATED: The legacy builder is deprecated and will be removed in a future release.
            Install the buildx component to build images with BuildKit:
            https://docs.docker.com/go/buildx/

Sending build context to Docker daemon  6.715MB
Step 1/64 : ARG EE_BASE_IMAGE="registry.redhat.io/ansible-automation-platform-25/ee-minimal-rhel9:latest"
Step 2/64 : ARG PYCMD="/usr/bin/python3"
Step 3/64 : ARG PYPKG="python3"
Step 4/64 : ARG PKGMGR_PRESERVE_CACHE=""
Step 5/64 : ARG ANSIBLE_GALAXY_CLI_COLLECTION_OPTS=""
Step 6/64 : ARG ANSIBLE_GALAXY_CLI_ROLE_OPTS=""
Step 7/64 : ARG ANSIBLE_INSTALL_REFS="ansible-core ansible-runner"
Step 8/64 : ARG PKGMGR="/usr/bin/dnf"
Step 9/64 : FROM $EE_BASE_IMAGE AS base
 ---> c7b5a2fe8505
Step 10/64 : USER root
 ---> Using cache
 ---> 8b97083476e6
Step 11/64 : ENV PIP_BREAK_SYSTEM_PACKAGES=1
 ---> Using cache
 ---> 26016a46fb5b
Step 12/64 : ARG EE_BASE_IMAGE
 ---> Using cache
 ---> 4d32bd348e7e
Step 13/64 : ARG PYCMD
 ---> Using cache
 ---> 6514b1a9bb87
Step 14/64 : ARG PYPKG
 ---> Using cache
 ---> c9d2a9ca3f13
Step 15/64 : ARG PKGMGR_PRESERVE_CACHE
 ---> Using cache
 ---> d7e99fd0e3f3
Step 16/64 : ARG ANSIBLE_GALAXY_CLI_COLLECTION_OPTS
 ---> Using cache
 ---> 3b7f31072dd3
Step 17/64 : ARG ANSIBLE_GALAXY_CLI_ROLE_OPTS
 ---> Using cache
 ---> a305c2efd685
Step 18/64 : ARG ANSIBLE_INSTALL_REFS
 ---> Using cache
 ---> d6c43473c7a0
Step 19/64 : ARG PKGMGR
 ---> Using cache
 ---> 74c2c03d6f30
Step 20/64 : COPY _build/scripts/ /output/scripts/
 ---> Using cache
 ---> 2de598de0895
Step 21/64 : COPY _build/scripts/entrypoint /opt/builder/bin/entrypoint
 ---> Using cache
 ---> 6ef90df029b3
Step 22/64 : RUN microdnf install -y dnf
 ---> Running in 9c1f7c3564d2
[91m
(microdnf:1): librhsm-WARNING **: 11:48:30.799: Found 0 entitlement certificates
[0m[91m
(microdnf:1): librhsm-WARNING **: 11:48:30.801: Found 0 entitlement certificates
[0mDownloading metadata...
Downloading metadata...
Downloading metadata...
Package                                             Repository               Size
Installing:                                                                      
 attr-2.6.0-1.el9_8.x86_64                          ubi-9-baseos-rpms     74.0 kB
 dnf-4.14.0-34.el9_8.noarch                         ubi-9-baseos-rpms    497.2 kB
 elfutils-default-yama-scope-0.194-1.el9.noarch     ubi-9-baseos-rpms      8.9 kB
 elfutils-libelf-0.194-1.el9.x86_64                 ubi-9-baseos-rpms    205.9 kB
 elfutils-libs-0.194-1.el9.x86_64                   ubi-9-baseos-rpms    274.7 kB
 ima-evm-utils-1.6.2-2.el9.x86_64                   ubi-9-baseos-rpms     73.7 kB
 keyutils-1.6.3-1.el9.x86_64                        ubi-9-baseos-rpms     79.7 kB
 libcomps-0.1.18-1.el9.x86_64                       ubi-9-baseos-rpms     81.9 kB
 libgomp-11.5.0-14.el9.x86_64                       ubi-9-baseos-rpms    263.7 kB
 libxcrypt-compat-4.4.18-3.el9.x86_64               ubi-9-appstream-rpms  93.2 kB
 python-unversioned-command-3.9.25-7.el9_8.3.noarch ubi-9-appstream-rpms  15.8 kB
 python3-3.9.25-7.el9_8.3.x86_64                    ubi-9-baseos-rpms     33.2 kB
 python3-dnf-4.14.0-34.el9_8.noarch                 ubi-9-baseos-rpms    486.0 kB
 python3-gpg-1.15.1-6.el9.x86_64                    ubi-9-baseos-rpms    291.6 kB
 python3-hawkey-0.69.0-18.el9.x86_64                ubi-9-baseos-rpms    111.1 kB
 python3-libcomps-0.1.18-1.el9.x86_64               ubi-9-baseos-rpms     53.3 kB
 python3-libdnf-0.69.0-18.el9.x86_64                ubi-9-baseos-rpms    804.8 kB
 python3-libs-3.9.25-7.el9_8.3.x86_64               ubi-9-baseos-rpms      8.5 MB
 python3-pip-wheel-21.3.1-2.el9_8.noarch            ubi-9-baseos-rpms      1.2 MB
 python3-rpm-4.16.1.3-40.el9.x86_64                 ubi-9-baseos-rpms     65.8 kB
 python3-setuptools-wheel-53.0.0-15.el9.noarch      ubi-9-baseos-rpms    479.2 kB
 rpm-build-libs-4.16.1.3-40.el9.x86_64              ubi-9-baseos-rpms     90.3 kB
 rpm-sign-libs-4.16.1.3-40.el9.x86_64               ubi-9-baseos-rpms     20.0 kB
 tpm2-tss-3.2.3-1.el9.x86_64                        ubi-9-baseos-rpms    621.7 kB
Upgrading:                                                                       
 libattr-2.6.0-1.el9_8.x86_64                       ubi-9-baseos-rpms     23.8 kB
   replacing libattr-2.5.1-3.el9.x86_64                                          
Transaction Summary:
 Installing:       24 packages
 Reinstalling:      0 packages
 Upgrading:         1 packages
 Obsoleting:        0 packages
 Removing:          0 packages
 Downgrading:       0 packages
Downloading packages...
[91mwarning: Unsupported version of key: V6

(microdnf:1): libdnf-WARNING **: 11:48:33.336: failed to parse public key for /etc/pki/rpm-gpg/RPM-GPG-KEY-PQC-redhat-release
[0mRunning transaction test...
Installing: elfutils-libelf;0.194-1.el9;x86_64;ubi-9-baseos-rpms
Updating: libattr;2.6.0-1.el9_8;x86_64;ubi-9-baseos-rpms
Installing: attr;2.6.0-1.el9_8;x86_64;ubi-9-baseos-rpms
Installing: libxcrypt-compat;4.4.18-3.el9;x86_64;ubi-9-appstream-rpms
Installing: python3-pip-wheel;21.3.1-2.el9_8;noarch;ubi-9-baseos-rpms
Installing: tpm2-tss;3.2.3-1.el9;x86_64;ubi-9-baseos-rpms
Installing: python3-setuptools-wheel;53.0.0-15.el9;noarch;ubi-9-baseos-rpms
Installing: python3-libs;3.9.25-7.el9_8.3;x86_64;ubi-9-baseos-rpms
Installing: python-unversioned-command;3.9.25-7.el9_8.3;noarch;ubi-9-appstream-rpms
Installing: python3;3.9.25-7.el9_8.3;x86_64;ubi-9-baseos-rpms
Installing: python3-libdnf;0.69.0-18.el9;x86_64;ubi-9-baseos-rpms
Installing: python3-hawkey;0.69.0-18.el9;x86_64;ubi-9-baseos-rpms
Installing: python3-gpg;1.15.1-6.el9;x86_64;ubi-9-baseos-rpms
Installing: libgomp;11.5.0-14.el9;x86_64;ubi-9-baseos-rpms
Installing: libcomps;0.1.18-1.el9;x86_64;ubi-9-baseos-rpms
Installing: python3-libcomps;0.1.18-1.el9;x86_64;ubi-9-baseos-rpms
Installing: keyutils;1.6.3-1.el9;x86_64;ubi-9-baseos-rpms
Installing: ima-evm-utils;1.6.2-2.el9;x86_64;ubi-9-baseos-rpms
Installing: rpm-sign-libs;4.16.1.3-40.el9;x86_64;ubi-9-baseos-rpms
Installing: elfutils-default-yama-scope;0.194-1.el9;noarch;ubi-9-baseos-rpms
Installing: elfutils-libs;0.194-1.el9;x86_64;ubi-9-baseos-rpms
Installing: rpm-build-libs;4.16.1.3-40.el9;x86_64;ubi-9-baseos-rpms
Installing: python3-rpm;4.16.1.3-40.el9;x86_64;ubi-9-baseos-rpms
Installing: python3-dnf;4.14.0-34.el9_8;noarch;ubi-9-baseos-rpms
Installing: dnf;4.14.0-34.el9_8;noarch;ubi-9-baseos-rpms
Cleanup: libattr;2.5.1-3.el9;x86_64;installed
Complete.
 ---> Removed intermediate container 9c1f7c3564d2
 ---> f80ff301c327
Step 23/64 : RUN $PKGMGR install $PYPKG -y ; if [ -z $PKGMGR_PRESERVE_CACHE ]; then $PKGMGR clean all; fi
 ---> Running in 573fcd1e1e3f
Red Hat Universal Base Image 9 (RPMs) - BaseOS  2.2 MB/s | 535 kB     00:00    
Red Hat Universal Base Image 9 (RPMs) - AppStre 9.2 MB/s | 2.9 MB     00:00    
Red Hat Universal Base Image 9 (RPMs) - CodeRea 2.1 MB/s | 471 kB     00:00    
Package python3-3.9.25-7.el9_8.3.x86_64 is already installed.
Dependencies resolved.
Nothing to do.
Complete!
26 files removed
 ---> Removed intermediate container 573fcd1e1e3f
 ---> 00f42804ea18
Step 24/64 : RUN /output/scripts/pip_install $PYCMD
 ---> Running in bffc5e178c77
[91m+ PYCMD=/usr/bin/python3
+ '[' -z /usr/bin/python3 ']'
+ '[' '!' -x /usr/bin/python3 ']'
+ /usr/bin/python3 -m ensurepip --root /
[0mLooking in links: /tmp/tmps7h6548m
Processing /tmp/tmps7h6548m/setuptools-53.0.0-py3-none-any.whl
Processing /tmp/tmps7h6548m/pip-21.3.1-py3-none-any.whl
Installing collected packages: setuptools, pip
Successfully installed pip-21.3.1 setuptools-53.0.0
[91mWARNING: Running pip as the 'root' user can result in broken permissions and conflicting behaviour with the system package manager. It is recommended to use a virtual environment instead: https://pip.pypa.io/warnings/venv
[0m[91m+ '[' 0 -ne 0 ']'
+ exit 0
[0m ---> Removed intermediate container bffc5e178c77
 ---> b8735cb67121
Step 25/64 : RUN $PYCMD -m pip install --no-cache-dir $ANSIBLE_INSTALL_REFS
 ---> Running in e8de2f55b58f
Collecting ansible-core
  Downloading ansible_core-2.15.13-py3-none-any.whl (2.3 MB)
Collecting ansible-runner
  Downloading ansible_runner-2.4.3-py3-none-any.whl (80 kB)
Collecting importlib-resources<5.1,>=5.0
  Downloading importlib_resources-5.0.7-py3-none-any.whl (24 kB)
Collecting cryptography
  Downloading cryptography-50.0.1-cp39-abi3-manylinux_2_34_x86_64.whl (4.8 MB)
Collecting PyYAML>=5.1
  Downloading pyyaml-6.0.3-cp39-cp39-manylinux2014_x86_64.manylinux_2_17_x86_64.manylinux_2_28_x86_64.whl (750 kB)
Collecting packaging
  Downloading packaging-26.3-py3-none-any.whl (129 kB)
Collecting resolvelib<1.1.0,>=0.5.3
  Downloading resolvelib-1.0.1-py2.py3-none-any.whl (17 kB)
Collecting jinja2>=3.0.0
  Downloading jinja2-3.1.6-py3-none-any.whl (134 kB)
Collecting importlib-metadata<6.3,>=4.6
  Downloading importlib_metadata-6.2.1-py3-none-any.whl (21 kB)
Collecting python-daemon
  Downloading python_daemon-3.1.2-py3-none-any.whl (30 kB)
Collecting pexpect>=4.5
  Downloading pexpect-4.9.0-py2.py3-none-any.whl (63 kB)
Collecting zipp>=0.5
  Downloading zipp-3.23.1-py3-none-any.whl (10 kB)
Collecting MarkupSafe>=2.0
  Downloading markupsafe-3.0.3-cp39-cp39-manylinux2014_x86_64.manylinux_2_17_x86_64.manylinux_2_28_x86_64.whl (20 kB)
Collecting ptyprocess>=0.5
  Downloading ptyprocess-0.7.0-py2.py3-none-any.whl (13 kB)
Collecting cffi>=2.0.0
  Downloading cffi-2.0.0-cp39-cp39-manylinux2014_x86_64.manylinux_2_17_x86_64.whl (216 kB)
Collecting typing-extensions>=4.13.2
  Downloading typing_extensions-4.16.0-py3-none-any.whl (45 kB)
Collecting lockfile>=0.10
  Downloading lockfile-0.12.2-py2.py3-none-any.whl (13 kB)
Collecting pycparser
  Downloading pycparser-2.23-py3-none-any.whl (118 kB)
Installing collected packages: pycparser, zipp, typing-extensions, ptyprocess, MarkupSafe, lockfile, cffi, resolvelib, PyYAML, python-daemon, pexpect, packaging, jinja2, importlib-resources, importlib-metadata, cryptography, ansible-runner, ansible-core
Successfully installed MarkupSafe-3.0.3 PyYAML-6.0.3 ansible-core-2.15.13 ansible-runner-2.4.3 cffi-2.0.0 cryptography-50.0.1 importlib-metadata-6.2.1 importlib-resources-5.0.7 jinja2-3.1.6 lockfile-0.12.2 packaging-26.3 pexpect-4.9.0 ptyprocess-0.7.0 pycparser-2.23 python-daemon-3.1.2 resolvelib-1.0.1 typing-extensions-4.16.0 zipp-3.23.1
[91mWARNING: Running pip as the 'root' user can result in broken permissions and conflicting behaviour with the system package manager. It is recommended to use a virtual environment instead: https://pip.pypa.io/warnings/venv
[0m[91mWARNING: You are using pip version 21.3.1; however, version 26.0.1 is available.
You should consider upgrading via the '/usr/bin/python3 -m pip install --upgrade pip' command.
[0m ---> Removed intermediate container e8de2f55b58f
 ---> 2a6177f28217
Step 26/64 : FROM base AS builder
 ---> 2a6177f28217
Step 27/64 : ENV PIP_BREAK_SYSTEM_PACKAGES=1
 ---> Running in 3c4b3327a9f9
 ---> Removed intermediate container 3c4b3327a9f9
 ---> 6d11a9263f9f
Step 28/64 : WORKDIR /build
 ---> Running in eaf1b94f9dee
 ---> Removed intermediate container eaf1b94f9dee
 ---> 720e3bc3ab03
Step 29/64 : ARG EE_BASE_IMAGE
 ---> Running in f85968353e74
 ---> Removed intermediate container f85968353e74
 ---> 60b1b9a26e58
Step 30/64 : ARG PYCMD
 ---> Running in bc7a347cb470
 ---> Removed intermediate container bc7a347cb470
 ---> 4148eaba8cfd
Step 31/64 : ARG PYPKG
 ---> Running in dc8a44751a45
 ---> Removed intermediate container dc8a44751a45
 ---> 5eed3ad909ec
Step 32/64 : ARG PKGMGR_PRESERVE_CACHE
 ---> Running in b180f64ca924
 ---> Removed intermediate container b180f64ca924
 ---> e0cc38b64701
Step 33/64 : ARG ANSIBLE_GALAXY_CLI_COLLECTION_OPTS
 ---> Running in 325f07e34b8c
 ---> Removed intermediate container 325f07e34b8c
 ---> b570e1c7f0c8
Step 34/64 : ARG ANSIBLE_GALAXY_CLI_ROLE_OPTS
 ---> Running in e0d232d58d6a
 ---> Removed intermediate container e0d232d58d6a
 ---> 43666157fa15
Step 35/64 : ARG ANSIBLE_INSTALL_REFS
 ---> Running in 5cc766648303
 ---> Removed intermediate container 5cc766648303
 ---> f95a26ea864c
Step 36/64 : ARG PKGMGR
 ---> Running in 64c742cf4415
 ---> Removed intermediate container 64c742cf4415
 ---> 044d1a0748a3
Step 37/64 : RUN $PYCMD -m pip install --no-cache-dir bindep pyyaml packaging
 ---> Running in cdf7029cc328
Collecting bindep
  Downloading bindep-2.14.0-py3-none-any.whl (35 kB)
Requirement already satisfied: pyyaml in /usr/local/lib64/python3.9/site-packages (6.0.3)
Requirement already satisfied: packaging in /usr/local/lib/python3.9/site-packages (26.3)
Collecting pbr>=2
  Downloading pbr-7.0.3-py2.py3-none-any.whl (131 kB)
Collecting distro>=1.7
  Downloading distro-1.9.0-py3-none-any.whl (20 kB)
Collecting Parsley
  Downloading Parsley-1.3-py2.py3-none-any.whl (88 kB)
Requirement already satisfied: setuptools in /usr/local/lib/python3.9/site-packages (from pbr>=2->bindep) (53.0.0)
Installing collected packages: pbr, Parsley, distro, bindep
Successfully installed Parsley-1.3 bindep-2.14.0 distro-1.9.0 pbr-7.0.3
[91mWARNING: Running pip as the 'root' user can result in broken permissions and conflicting behaviour with the system package manager. It is recommended to use a virtual environment instead: https://pip.pypa.io/warnings/venv
[0m[91mWARNING: You are using pip version 21.3.1; however, version 26.0.1 is available.
You should consider upgrading via the '/usr/bin/python3 -m pip install --upgrade pip' command.
[0m ---> Removed intermediate container cdf7029cc328
 ---> fc0b0b113af5
Step 38/64 : COPY _build/requirements.txt requirements.txt
 ---> ddaf3c3631d3
Step 39/64 : COPY _build/bindep.txt bindep.txt
 ---> 83f5939b5355
Step 40/64 : RUN $PYCMD /output/scripts/introspect.py introspect --user-pip=requirements.txt --user-bindep=bindep.txt --write-bindep=/tmp/src/bindep.txt --write-pip=/tmp/src/requirements.txt
 ---> Running in 07336565072b
[91mCreating parent directory for /tmp/src/requirements.txt
[0m---
python:
- 'napalm  # from collection user'
- 'netmiko  # from collection user'
- 'textfsm  # from collection user'
- 'ntc-templates  # from collection user'
- 'paramiko  # from collection user'
- 'jinja2  # from collection user'
- 'PyYAML  # from collection user'
system:
- 'openssh-clients [platform:rpm]  # from collection user'
- 'sshpass [platform:rpm]  # from collection user'
- 'python3-devel [platform:rpm]  # from collection user'

 ---> Removed intermediate container 07336565072b
 ---> 748eab7efbfe
Step 41/64 : RUN /output/scripts/assemble
 ---> Running in fce4aa561746
[91m++ source /etc/os-release
+++ NAME='Red Hat Enterprise Linux'
+++ VERSION='9.8 (Plow)'
+++ ID=rhel
+++ ID_LIKE=fedora
+++ VERSION_ID=9.8
+++ PLATFORM_ID=platform:el9
+++ PRETTY_NAME='Red Hat Enterprise Linux 9.8 (Plow)'
+++ ANSI_COLOR='0;31'
+++ LOGO=fedora-logo-icon
[0m[91m+++ CPE_NAME=cpe:/o:redhat:enterprise_linux:9::baseos
+++ HOME_URL=https://www.redhat.com/
+++ DOCUMENTATION_URL=https://access.redhat.com/documentation/en-us/red_hat_enterprise_linux/9
+++ BUG_REPORT_URL=https://issues.redhat.com/
+++ REDHAT_BUGZILLA_PRODUCT='Red Hat Enterprise Linux 9'
+++ REDHAT_BUGZILLA_PRODUCT_VERSION=9.8
+++ REDHAT_SUPPORT_PRODUCT='Red Hat Enterprise Linux'
+++ REDHAT_SUPPORT_PRODUCT_VERSION=9.8
++ echo rhel
[0m[91m+ RELEASE=rhel
+ PKGMGR=/usr/bin/dnf
+ PKGMGR_OPTS=
+ PKGMGR_PRESERVE_CACHE=
+ PYCMD=/usr/bin/python3
+ PIPCMD='/usr/bin/python3 -m pip'
[0m[91m+ '[' -z /usr/bin/dnf ']'
+ '[' /usr/bin/dnf = /usr/bin/microdnf ']'
+ mkdir -p /output/bindep
[0m[91m+ mkdir -p /output/wheels
[0m[91m+ mkdir -p /tmp/src
[0m[91m+ cd /tmp/src
[0m[91m+ PACKAGES=
+ PIP_OPTS=
+ install_bindep
+ '[' -f bindep.txt ']'
[0m[91m+ bindep -l newline
[0m[91m+ sort
[0m[91m+ '[' rhel == centos ']'
[0m[91m++ bindep -b compile
[0m[91m++ true
[0m[91m+ compile_packages=python3-devel
+ '[' '!' -z python3-devel ']'
+ /usr/bin/dnf install -y python3-devel
[0mRed Hat Universal Base Image 9 (RPMs) - BaseOS  2.1 MB/s | 535 kB     00:00    
Red Hat Universal Base Image 9 (RPMs) - AppStre 9.3 MB/s | 2.9 MB     00:00    
Red Hat Universal Base Image 9 (RPMs) - CodeRea 2.2 MB/s | 471 kB     00:00    
Dependencies resolved.
================================================================================
 Package              Arch     Version             Repository              Size
================================================================================
Installing:
 python3-devel        x86_64   3.9.25-7.el9_8.3    ubi-9-appstream-rpms   252 k
Installing weak dependencies:
 python3-pip          noarch   21.3.1-2.el9_8      ubi-9-appstream-rpms   2.0 M
 python3-setuptools   noarch   53.0.0-15.el9       ubi-9-baseos-rpms      936 k

Transaction Summary
================================================================================
Install  3 Packages

Total download size: 3.2 M
Installed size: 14 M
Downloading Packages:
(1/3): python3-devel-3.9.25-7.el9_8.3.x86_64.rp 2.2 MB/s | 252 kB     00:00    
(2/3): python3-setuptools-53.0.0-15.el9.noarch. 5.1 MB/s | 936 kB     00:00    
(3/3): python3-pip-21.3.1-2.el9_8.noarch.rpm    5.9 MB/s | 2.0 MB     00:00    
--------------------------------------------------------------------------------
Total                                           9.1 MB/s | 3.2 MB     00:00     
Running transaction check
Transaction check succeeded.
Running transaction test
Transaction test succeeded.
Running transaction
  Preparing        :                                                        1/1 
  Installing       : python3-setuptools-53.0.0-15.el9.noarch                1/3 
  Installing       : python3-pip-21.3.1-2.el9_8.noarch                      2/3 
  Installing       : python3-devel-3.9.25-7.el9_8.3.x86_64                  3/3 
  Running scriptlet: python3-devel-3.9.25-7.el9_8.3.x86_64                  3/3 
  Verifying        : python3-setuptools-53.0.0-15.el9.noarch                1/3 
  Verifying        : python3-devel-3.9.25-7.el9_8.3.x86_64                  2/3 
  Verifying        : python3-pip-21.3.1-2.el9_8.noarch                      3/3 

Installed:
  python3-devel-3.9.25-7.el9_8.3.x86_64     python3-pip-21.3.1-2.el9_8.noarch  
  python3-setuptools-53.0.0-15.el9.noarch  

Complete!
[91m+ /usr/bin/python3 -m venv /tmp/venv --system-site-packages --without-pip
[0m[91m+ source /tmp/venv/bin/activate
[0m[91m++ deactivate nondestructive
[0m[91m++ '[' -n '' ']'
++ '[' -n '' ']'
++ '[' -n /bin/bash -o -n '' ']'
++ hash -r
++ '[' -n '' ']'
++ unset VIRTUAL_ENV
++ '[' '!' nondestructive = nondestructive ']'
++ VIRTUAL_ENV=/tmp/venv
[0m[91m++ export VIRTUAL_ENV
++ _OLD_VIRTUAL_PATH=/usr/local/sbin:/usr/local/bin:/usr/sbin:/usr/bin:/sbin:/bin
[0m[91m++ PATH=/tmp/venv/bin:/usr/local/sbin:/usr/local/bin:/usr/sbin:/usr/bin:/sbin:/bin
++ export PATH
[0m[91m++ '[' -n '' ']'
++ '[' -z '' ']'
++ _OLD_VIRTUAL_PS1=
++ PS1='(venv) '
++ export PS1
++ '[' -n /bin/bash -o -n '' ']'
++ hash -r
[0m[91m+ '[' -f /tmp/src/upper-constraints.txt ']'
+ [[ -n '' ]]
+ install_wheels
+ '[' -f /tmp/src/build-requirements.txt ']'
[0m[91m+ '[' -f setup.py ']'
+ '[' -f /tmp/src/requirements.txt ']'
[0m[91m+ '[' '!' -f /output/requirements.txt ']'
+ /usr/bin/python3 -m pip install --cache-dir=/output/wheels -r /tmp/src/requirements.txt
[0mCollecting napalm
  Downloading napalm-5.1.0-py2.py3-none-any.whl (263 kB)
Collecting netmiko
  Downloading netmiko-4.6.0-py3-none-any.whl (262 kB)
Collecting textfsm
  Downloading textfsm-2.1.0-py2.py3-none-any.whl (44 kB)
Collecting ntc-templates
  Downloading ntc_templates-8.1.0-py3-none-any.whl (623 kB)
Collecting paramiko
  Downloading paramiko-5.0.0-py3-none-any.whl (208 kB)
Requirement already satisfied: jinja2 in /usr/local/lib/python3.9/site-packages (from -r /tmp/src/requirements.txt (line 6)) (3.1.6)
Requirement already satisfied: PyYAML in /usr/local/lib64/python3.9/site-packages (from -r /tmp/src/requirements.txt (line 7)) (6.0.3)
Collecting netaddr
  Downloading netaddr-1.3.0-py3-none-any.whl (2.3 MB)
Collecting pyeapi>=1.0.2
  Downloading pyeapi-1.0.4.tar.gz (151 kB)
  Preparing metadata (setup.py): started
  Preparing metadata (setup.py): finished with status 'done'
Collecting junos-eznc>=2.7.4
  Downloading junos_eznc-2.8.2-py2.py3-none-any.whl (217 kB)
Requirement already satisfied: cffi>=1.11.3 in /usr/local/lib64/python3.9/site-packages (from napalm->-r /tmp/src/requirements.txt (line 1)) (2.0.0)
Collecting netutils>=1.0.0
  Downloading netutils-1.15.2-py3-none-any.whl (533 kB)
Collecting ttp
  Downloading ttp-0.10.1-py3-none-any.whl (84 kB)
Collecting ncclient
  Downloading ncclient-0.7.1-py3-none-any.whl (94 kB)
Requirement already satisfied: typing-extensions>=4.3.0 in /usr/local/lib/python3.9/site-packages (from napalm->-r /tmp/src/requirements.txt (line 1)) (4.16.0)
Collecting lxml>=4.3.0
  Downloading lxml-6.1.3-cp39-cp39-manylinux_2_26_x86_64.manylinux_2_28_x86_64.whl (5.3 MB)
Requirement already satisfied: setuptools>=38.4.0 in /usr/local/lib/python3.9/site-packages (from napalm->-r /tmp/src/requirements.txt (line 1)) (53.0.0)
Collecting ttp_templates
  Downloading ttp_templates-0.3.7-py3-none-any.whl (76 kB)
Collecting requests>=2.7.0
  Downloading requests-2.32.5-py3-none-any.whl (64 kB)
Collecting ruamel.yaml>=0.17
  Downloading ruamel_yaml-0.19.1-py3-none-any.whl (118 kB)
Collecting scp>=0.13.6
  Downloading scp-0.16.1-py2.py3-none-any.whl (8.9 kB)
Collecting rich>=13.8
  Downloading rich-15.0.0-py3-none-any.whl (310 kB)
Collecting pyserial>=3.3
  Downloading pyserial-3.5-py2.py3-none-any.whl (90 kB)
Requirement already satisfied: cryptography>=3.3 in /usr/local/lib64/python3.9/site-packages (from paramiko->-r /tmp/src/requirements.txt (line 5)) (50.0.1)
Collecting pynacl>=1.5
  Downloading pynacl-1.6.2-cp38-abi3-manylinux_2_34_x86_64.whl (1.4 MB)
Collecting invoke>=2.0
  Downloading invoke-3.0.3-py3-none-any.whl (160 kB)
Collecting bcrypt>=3.2
  Downloading bcrypt-5.0.0-cp39-abi3-manylinux_2_34_x86_64.whl (278 kB)
Requirement already satisfied: MarkupSafe>=2.0 in /usr/local/lib64/python3.9/site-packages (from jinja2->-r /tmp/src/requirements.txt (line 6)) (3.0.3)
Requirement already satisfied: pycparser in /usr/local/lib/python3.9/site-packages (from cffi>=1.11.3->napalm->-r /tmp/src/requirements.txt (line 1)) (2.23)
Collecting yamlloader
  Downloading yamlloader-1.6.0-py3-none-any.whl (7.8 kB)
Collecting ncclient
  Downloading ncclient-0.7.0.tar.gz (116 kB)
  Preparing metadata (setup.py): started
  Preparing metadata (setup.py): finished with status 'done'
Collecting six
  Downloading six-1.17.0-py2.py3-none-any.whl (11 kB)
Collecting pyparsing
  Downloading pyparsing-3.3.2-py3-none-any.whl (122 kB)
Collecting transitions
  Downloading transitions-0.9.3-py2.py3-none-any.whl (112 kB)
Collecting charset_normalizer<4,>=2
  Downloading charset_normalizer-3.5.1-cp39-cp39-manylinux2014_x86_64.manylinux_2_17_x86_64.manylinux_2_28_x86_64.whl (262 kB)
Collecting idna<4,>=2.5
  Downloading idna-3.20-py3-none-any.whl (69 kB)
Collecting certifi>=2017.4.17
  Downloading certifi-2026.7.22-py3-none-any.whl (136 kB)
Collecting urllib3<3,>=1.21.1
  Downloading urllib3-2.6.3-py3-none-any.whl (131 kB)
Collecting pygments<3.0.0,>=2.13.0
  Downloading pygments-2.21.0-py3-none-any.whl (1.3 MB)
Collecting markdown-it-py>=2.2.0
  Downloading markdown_it_py-3.0.0-py3-none-any.whl (87 kB)
Collecting mdurl~=0.1
  Downloading mdurl-0.1.2-py3-none-any.whl (10.0 kB)
Using legacy 'setup.py install' for ncclient, since package 'wheel' is not installed.
Using legacy 'setup.py install' for pyeapi, since package 'wheel' is not installed.
Installing collected packages: pynacl, mdurl, invoke, bcrypt, textfsm, six, pygments, paramiko, markdown-it-py, lxml, yamlloader, urllib3, ttp, transitions, scp, ruamel.yaml, rich, pyserial, pyparsing, ntc-templates, netaddr, ncclient, idna, charset-normalizer, certifi, ttp-templates, requests, pyeapi, netutils, netmiko, junos-eznc, napalm
    Running setup.py install for ncclient: started
    Running setup.py install for ncclient: finished with status 'done'
    Running setup.py install for pyeapi: started
    Running setup.py install for pyeapi: finished with status 'done'
[91mWARNING: Running pip as the 'root' user can result in broken permissions and conflicting behaviour with the system package manager. It is recommended to use a virtual environment instead: https://pip.pypa.io/warnings/venv
[0mSuccessfully installed bcrypt-5.0.0 certifi-2026.7.22 charset-normalizer-3.5.1 idna-3.20 invoke-3.0.3 junos-eznc-2.8.2 lxml-6.1.3 markdown-it-py-3.0.0 mdurl-0.1.2 napalm-5.1.0 ncclient-0.7.0 netaddr-1.3.0 netmiko-4.6.0 netutils-1.15.2 ntc-templates-8.1.0 paramiko-5.0.0 pyeapi-1.0.4 pygments-2.21.0 pynacl-1.6.2 pyparsing-3.3.2 pyserial-3.5 requests-2.32.5 rich-15.0.0 ruamel.yaml-0.19.1 scp-0.16.1 six-1.17.0 textfsm-2.1.0 transitions-0.9.3 ttp-0.10.1 ttp-templates-0.3.7 urllib3-2.6.3 yamlloader-1.6.0
[91mWARNING: You are using pip version 21.3.1; however, version 26.0.1 is available.
You should consider upgrading via the '/usr/bin/python3 -m pip install --upgrade pip' command.
[0m[91m+ cp /tmp/src/requirements.txt /output/requirements.txt
[0m[91m++ ls -1 '/output/wheels/*whl'
[0m[91m++ wc -l
[0m[91m+ '[' 0 -gt 0 ']'
[0m[91m+ '[' -z ']'
+ /usr/bin/dnf clean all
[0m26 files removed
[91m+ rm -rf /var/cache/dnf /var/cache/yum
[0m[91m+ rm -rf /var/lib/dnf/history.sqlite /var/lib/dnf/history.sqlite-shm /var/lib/dnf/history.sqlite-wal
[0m[91m+ rm -rf /var/log/dnf.librepo.log /var/log/dnf.log /var/log/dnf.rpm.log /var/log/hawkey.log
[0m[91m+ rm -rf /tmp/venv
[0m ---> Removed intermediate container fce4aa561746
 ---> a8bf686888ce
Step 42/64 : FROM base AS final
 ---> 2a6177f28217
Step 43/64 : ENV PIP_BREAK_SYSTEM_PACKAGES=1
 ---> Using cache
 ---> 6d11a9263f9f
Step 44/64 : ARG EE_BASE_IMAGE
 ---> Running in 2819ba5ea731
 ---> Removed intermediate container 2819ba5ea731
 ---> 973963d7bed3
Step 45/64 : ARG PYCMD
 ---> Running in 50456061c411
 ---> Removed intermediate container 50456061c411
 ---> ce7241df40b2
Step 46/64 : ARG PYPKG
 ---> Running in 8447c0fe57f0
 ---> Removed intermediate container 8447c0fe57f0
 ---> 35e2a9d6cc31
Step 47/64 : ARG PKGMGR_PRESERVE_CACHE
 ---> Running in 54f1af3e42ee
 ---> Removed intermediate container 54f1af3e42ee
 ---> 90bb6187cafd
Step 48/64 : ARG ANSIBLE_GALAXY_CLI_COLLECTION_OPTS
 ---> Running in 2334696cbda4
 ---> Removed intermediate container 2334696cbda4
 ---> fe72eb888592
Step 49/64 : ARG ANSIBLE_GALAXY_CLI_ROLE_OPTS
 ---> Running in 13dc9d81b2e8
 ---> Removed intermediate container 13dc9d81b2e8
 ---> 69d02c416edd
Step 50/64 : ARG ANSIBLE_INSTALL_REFS
 ---> Running in fadd76476288
 ---> Removed intermediate container fadd76476288
 ---> 54f0296121bb
Step 51/64 : ARG PKGMGR
 ---> Running in 62aa984717c4
 ---> Removed intermediate container 62aa984717c4
 ---> c30a8913da6c
Step 52/64 : RUN /output/scripts/check_ansible $PYCMD
 ---> Running in e94bae1c2541
[91m+ PYCMD=/usr/bin/python3
+ '[' -z /usr/bin/python3 ']'
+ '[' '!' -x /usr/bin/python3 ']'
+ ansible --version
[0mansible [core 2.15.13]
  config file = /etc/ansible/ansible.cfg
  configured module search path = ['/home/runner/.ansible/plugins/modules', '/usr/share/ansible/plugins/modules']
  ansible python module location = /usr/local/lib/python3.9/site-packages/ansible
  ansible collection location = /home/runner/.ansible/collections:/usr/share/ansible/collections
  executable location = /usr/local/bin/ansible
  python version = 3.9.25 (main, Aug  6 2026, 00:00:00) [GCC 11.5.0 20240719 (Red Hat 11.5.0-14)] (/usr/bin/python3)
  jinja version = 3.1.6
  libyaml = True
[91m+ '[' 0 -ne 0 ']'
+ ansible-runner --version
[0m2.4.3
[91m+ '[' 0 -ne 0 ']'
+ /usr/bin/python3 -c 'import ansible ; import ansible_runner'
[0m[91m+ '[' 0 -ne 0 ']'
+ exit 0
[0m ---> Removed intermediate container e94bae1c2541
 ---> b7f303b09081
Step 53/64 : COPY --from=builder /output/ /output/
 ---> 83014fec0172
Step 54/64 : RUN /output/scripts/install-from-bindep && rm -rf /output/wheels
 ---> Running in 86140458b836
[91m+ PKGMGR=/usr/bin/dnf
+ PKGMGR_OPTS=
+ PKGMGR_PRESERVE_CACHE=
+ PYCMD=/usr/bin/python3
+ PIPCMD='/usr/bin/python3 -m pip'
+ PIP_OPTS=
[0m[91m+ '[' -z /usr/bin/dnf ']'
+ '[' /usr/bin/dnf = /usr/bin/microdnf ']'
+ '[' -f /output/bindep/run.txt ']'
[0m[91m++ cat /output/bindep/run.txt
[0m[91m+ PACKAGES='openssh-clients
python3-devel
sshpass'
+ '[' '!' -z 'openssh-clients
python3-devel
sshpass' ']'
+ /usr/bin/dnf install -y openssh-clients python3-devel sshpass
[0mRed Hat Universal Base Image 9 (RPMs) - BaseOS  2.4 MB/s | 535 kB     00:00    
Red Hat Universal Base Image 9 (RPMs) - AppStre 5.5 MB/s | 2.9 MB     00:00    
Red Hat Universal Base Image 9 (RPMs) - CodeRea 2.4 MB/s | 471 kB     00:00    
Package openssh-clients-9.9p1-9.el9_8.x86_64 is already installed.
Package sshpass-1.09-5.el9ap.x86_64 is already installed.
Dependencies resolved.
================================================================================
 Package              Arch     Version             Repository              Size
================================================================================
Installing:
 python3-devel        x86_64   3.9.25-7.el9_8.3    ubi-9-appstream-rpms   252 k
Installing weak dependencies:
 python3-pip          noarch   21.3.1-2.el9_8      ubi-9-appstream-rpms   2.0 M
 python3-setuptools   noarch   53.0.0-15.el9       ubi-9-baseos-rpms      936 k

Transaction Summary
================================================================================
Install  3 Packages

Total download size: 3.2 M
Installed size: 14 M
Downloading Packages:
(1/3): python3-devel-3.9.25-7.el9_8.3.x86_64.rp 1.8 MB/s | 252 kB     00:00    
(2/3): python3-setuptools-53.0.0-15.el9.noarch. 4.1 MB/s | 936 kB     00:00    
(3/3): python3-pip-21.3.1-2.el9_8.noarch.rpm    3.7 MB/s | 2.0 MB     00:00    
--------------------------------------------------------------------------------
Total                                           5.8 MB/s | 3.2 MB     00:00     
Running transaction check
Transaction check succeeded.
Running transaction test
Transaction test succeeded.
Running transaction
  Preparing        :                                                        1/1 
  Installing       : python3-setuptools-53.0.0-15.el9.noarch                1/3 
  Installing       : python3-pip-21.3.1-2.el9_8.noarch                      2/3 
  Installing       : python3-devel-3.9.25-7.el9_8.3.x86_64                  3/3 
  Running scriptlet: python3-devel-3.9.25-7.el9_8.3.x86_64                  3/3 
  Verifying        : python3-setuptools-53.0.0-15.el9.noarch                1/3 
  Verifying        : python3-devel-3.9.25-7.el9_8.3.x86_64                  2/3 
  Verifying        : python3-pip-21.3.1-2.el9_8.noarch                      3/3 

Installed:
  python3-devel-3.9.25-7.el9_8.3.x86_64     python3-pip-21.3.1-2.el9_8.noarch  
  python3-setuptools-53.0.0-15.el9.noarch  

Complete!
[91m+ '[' -f /output/bindep/epel.txt ']'
+ '[' -f /output/upper-constraints.txt ']'
+ '[' -f /output/requirements.txt ']'
+ /usr/bin/python3 -m pip install --cache-dir=/output/wheels -r /output/requirements.txt
[0mCollecting napalm
  Using cached napalm-5.1.0-py2.py3-none-any.whl (263 kB)
Collecting netmiko
  Using cached netmiko-4.6.0-py3-none-any.whl (262 kB)
Collecting textfsm
  Using cached textfsm-2.1.0-py2.py3-none-any.whl (44 kB)
Collecting ntc-templates
  Using cached ntc_templates-8.1.0-py3-none-any.whl (623 kB)
Collecting paramiko
  Using cached paramiko-5.0.0-py3-none-any.whl (208 kB)
Requirement already satisfied: jinja2 in /usr/local/lib/python3.9/site-packages (from -r /output/requirements.txt (line 6)) (3.1.6)
Requirement already satisfied: PyYAML in /usr/local/lib64/python3.9/site-packages (from -r /output/requirements.txt (line 7)) (6.0.3)
Collecting junos-eznc>=2.7.4
  Using cached junos_eznc-2.8.2-py2.py3-none-any.whl (217 kB)
Collecting requests>=2.7.0
  Using cached requests-2.32.5-py3-none-any.whl (64 kB)
Collecting lxml>=4.3.0
  Using cached lxml-6.1.3-cp39-cp39-manylinux_2_26_x86_64.manylinux_2_28_x86_64.whl (5.3 MB)
Requirement already satisfied: setuptools>=38.4.0 in /usr/local/lib/python3.9/site-packages (from napalm->-r /output/requirements.txt (line 1)) (53.0.0)
Collecting pyeapi>=1.0.2
  Using cached pyeapi-1.0.4.tar.gz (151 kB)
  Preparing metadata (setup.py): started
  Preparing metadata (setup.py): finished with status 'done'
Collecting ttp
  Using cached ttp-0.10.1-py3-none-any.whl (84 kB)
Collecting ttp_templates
  Using cached ttp_templates-0.3.7-py3-none-any.whl (76 kB)
Collecting netaddr
  Using cached netaddr-1.3.0-py3-none-any.whl (2.3 MB)
Collecting ncclient
  Using cached ncclient-0.7.1-py3-none-any.whl (94 kB)
Requirement already satisfied: cffi>=1.11.3 in /usr/local/lib64/python3.9/site-packages (from napalm->-r /output/requirements.txt (line 1)) (2.0.0)
Collecting netutils>=1.0.0
  Using cached netutils-1.15.2-py3-none-any.whl (533 kB)
Requirement already satisfied: typing-extensions>=4.3.0 in /usr/local/lib/python3.9/site-packages (from napalm->-r /output/requirements.txt (line 1)) (4.16.0)
Collecting pyserial>=3.3
  Using cached pyserial-3.5-py2.py3-none-any.whl (90 kB)
Collecting scp>=0.13.6
  Using cached scp-0.16.1-py2.py3-none-any.whl (8.9 kB)
Collecting rich>=13.8
  Using cached rich-15.0.0-py3-none-any.whl (310 kB)
Collecting ruamel.yaml>=0.17
  Using cached ruamel_yaml-0.19.1-py3-none-any.whl (118 kB)
Collecting bcrypt>=3.2
  Using cached bcrypt-5.0.0-cp39-abi3-manylinux_2_34_x86_64.whl (278 kB)
Collecting invoke>=2.0
  Using cached invoke-3.0.3-py3-none-any.whl (160 kB)
Requirement already satisfied: cryptography>=3.3 in /usr/local/lib64/python3.9/site-packages (from paramiko->-r /output/requirements.txt (line 5)) (50.0.1)
Collecting pynacl>=1.5
  Using cached pynacl-1.6.2-cp38-abi3-manylinux_2_34_x86_64.whl (1.4 MB)
Requirement already satisfied: MarkupSafe>=2.0 in /usr/local/lib64/python3.9/site-packages (from jinja2->-r /output/requirements.txt (line 6)) (3.0.3)
Requirement already satisfied: pycparser in /usr/local/lib/python3.9/site-packages (from cffi>=1.11.3->napalm->-r /output/requirements.txt (line 1)) (2.23)
Collecting pyparsing
  Using cached pyparsing-3.3.2-py3-none-any.whl (122 kB)
Collecting transitions
  Using cached transitions-0.9.3-py2.py3-none-any.whl (112 kB)
Collecting yamlloader
  Using cached yamlloader-1.6.0-py3-none-any.whl (7.8 kB)
Collecting six
  Using cached six-1.17.0-py2.py3-none-any.whl (11 kB)
Collecting ncclient
  Using cached ncclient-0.7.0.tar.gz (116 kB)
  Preparing metadata (setup.py): started
  Preparing metadata (setup.py): finished with status 'done'
Collecting charset_normalizer<4,>=2
  Using cached charset_normalizer-3.5.1-cp39-cp39-manylinux2014_x86_64.manylinux_2_17_x86_64.manylinux_2_28_x86_64.whl (262 kB)
Collecting certifi>=2017.4.17
  Using cached certifi-2026.7.22-py3-none-any.whl (136 kB)
Collecting urllib3<3,>=1.21.1
  Using cached urllib3-2.6.3-py3-none-any.whl (131 kB)
Collecting idna<4,>=2.5
  Using cached idna-3.20-py3-none-any.whl (69 kB)
Collecting markdown-it-py>=2.2.0
  Using cached markdown_it_py-3.0.0-py3-none-any.whl (87 kB)
Collecting pygments<3.0.0,>=2.13.0
  Using cached pygments-2.21.0-py3-none-any.whl (1.3 MB)
Collecting mdurl~=0.1
  Using cached mdurl-0.1.2-py3-none-any.whl (10.0 kB)
Using legacy 'setup.py install' for ncclient, since package 'wheel' is not installed.
Using legacy 'setup.py install' for pyeapi, since package 'wheel' is not installed.
Installing collected packages: pynacl, mdurl, invoke, bcrypt, textfsm, six, pygments, paramiko, markdown-it-py, lxml, yamlloader, urllib3, ttp, transitions, scp, ruamel.yaml, rich, pyserial, pyparsing, ntc-templates, netaddr, ncclient, idna, charset-normalizer, certifi, ttp-templates, requests, pyeapi, netutils, netmiko, junos-eznc, napalm
    Running setup.py install for ncclient: started
    Running setup.py install for ncclient: finished with status 'done'
    Running setup.py install for pyeapi: started
    Running setup.py install for pyeapi: finished with status 'done'
[91mWARNING: Running pip as the 'root' user can result in broken permissions and conflicting behaviour with the system package manager. It is recommended to use a virtual environment instead: https://pip.pypa.io/warnings/venv
[0mSuccessfully installed bcrypt-5.0.0 certifi-2026.7.22 charset-normalizer-3.5.1 idna-3.20 invoke-3.0.3 junos-eznc-2.8.2 lxml-6.1.3 markdown-it-py-3.0.0 mdurl-0.1.2 napalm-5.1.0 ncclient-0.7.0 netaddr-1.3.0 netmiko-4.6.0 netutils-1.15.2 ntc-templates-8.1.0 paramiko-5.0.0 pyeapi-1.0.4 pygments-2.21.0 pynacl-1.6.2 pyparsing-3.3.2 pyserial-3.5 requests-2.32.5 rich-15.0.0 ruamel.yaml-0.19.1 scp-0.16.1 six-1.17.0 textfsm-2.1.0 transitions-0.9.3 ttp-0.10.1 ttp-templates-0.3.7 urllib3-2.6.3 yamlloader-1.6.0
[91mWARNING: You are using pip version 21.3.1; however, version 26.0.1 is available.
You should consider upgrading via the '/usr/bin/python3 -m pip install --upgrade pip' command.
[0m[91m+ EXTRAS=
+ '[' -f /output/packages.txt ']'
[0m[91m++ ls -1 '/output/wheels/*whl'
[0m[91m++ wc -l
[0m[91m+ '[' 0 -gt 0 ']'
+ '[' '!' -z '' ']'
+ [[ '' != always ]]
+ /usr/bin/dnf clean all
[0m26 files removed
[91m+ rm -rf /var/cache/dnf /var/cache/yum
[0m[91m+ rm -rf /var/lib/dnf/history.sqlite /var/lib/dnf/history.sqlite-shm /var/lib/dnf/history.sqlite-wal
[0m[91m+ rm -rf /var/log/dnf.librepo.log /var/log/dnf.log /var/log/dnf.rpm.log /var/log/hawkey.log
[0m ---> Removed intermediate container 86140458b836
 ---> 505dd840b920
Step 55/64 : RUN chmod ug+rw /etc/passwd
 ---> Running in 5783ff628353
 ---> Removed intermediate container 5783ff628353
 ---> 54073b7c6f33
Step 56/64 : RUN mkdir -p /runner && chgrp 0 /runner && chmod -R ug+rwx /runner
 ---> Running in 48a706a74881
 ---> Removed intermediate container 48a706a74881
 ---> 7493fcbd2007
Step 57/64 : WORKDIR /runner
 ---> Running in c37eab8fdde3
 ---> Removed intermediate container c37eab8fdde3
 ---> 59219e83310b
Step 58/64 : RUN $PYCMD -m pip install --no-cache-dir 'dumb-init==1.2.5'
 ---> Running in 01c7af75f54d
Collecting dumb-init==1.2.5
  Downloading dumb_init-1.2.5-py2.py3-none-manylinux_2_12_x86_64.manylinux2010_x86_64.manylinux_2_17_x86_64.manylinux2014_x86_64.whl (8.1 kB)
Installing collected packages: dumb-init
[91mWARNING: Running pip as the 'root' user can result in broken permissions and conflicting behaviour with the system package manager. It is recommended to use a virtual environment instead: https://pip.pypa.io/warnings/venv
[0mSuccessfully installed dumb-init-1.2.5
[91mWARNING: You are using pip version 21.3.1; however, version 26.0.1 is available.
You should consider upgrading via the '/usr/bin/python3 -m pip install --upgrade pip' command.
[0m ---> Removed intermediate container 01c7af75f54d
 ---> 421231a8ea8f
Step 59/64 : COPY _build/collections/ /usr/share/ansible/collections/ansible_collections/
 ---> c16eabed1b5e
Step 60/64 : RUN rm -rf /output
 ---> Running in fa7df8bd2ded
 ---> Removed intermediate container fa7df8bd2ded
 ---> a4ca0e5e5dd1
Step 61/64 : LABEL ansible-execution-environment=true
 ---> Running in 79898caf5a01
 ---> Removed intermediate container 79898caf5a01
 ---> 9999e596f1f8
Step 62/64 : USER 1000
 ---> Running in 33ae5aa86c54
 ---> Removed intermediate container 33ae5aa86c54
 ---> be8129771aa4
Step 63/64 : ENTRYPOINT ["/opt/builder/bin/entrypoint", "dumb-init"]
 ---> Running in ec78c2d33105
 ---> Removed intermediate container ec78c2d33105
 ---> 21e2bd94b69e
Step 64/64 : CMD ["bash"]
 ---> Running in b668d69f3572
 ---> Removed intermediate container b668d69f3572
 ---> 08357316c148
Successfully built 08357316c148
Successfully tagged ex457-ee:latest

[92mComplete! The build context can be found at: /home/eriks/ansible/automation_platform/ansible-playbook/ee-build/context[0m
